Country,Code,Year,Population
Aruba,ABW,2008,101000
Aruba,ABW,2009,101000
Aruba,ABW,2010,102000
Aruba,ABW,2011,102000
Aruba,ABW,2012,103000
Aruba,ABW,2013,103000
Aruba,ABW,2014,104000
Aruba,ABW,2015,104000
Aruba,ABW,2016,105000
Aruba,ABW,2017,105000
Aruba,ABW,2018,106000
Aruba,ABW,2019,106000
Afghanistan,AFG,2008,27722000
Afghanistan,AFG,2009,28395000
Afghanistan,AFG,2010,29186000
Afghanistan,AFG,2011,30117000
Afghanistan,AFG,2012,31161000
Afghanistan,AFG,2013,32270000
Afghanistan,AFG,2014,33371000
Afghanistan,AFG,2015,34414000
Afghanistan,AFG,2016,35383000
Afghanistan,AFG,2017,36296000
Afghanistan,AFG,2018,37172000
Afghanistan,AFG,2019,38042000
Angola,AGO,2008,21696000
Angola,AGO,2009,22514000
Angola,AGO,2010,23356000
Angola,AGO,2011,24221000
Angola,AGO,2012,25108000
Angola,AGO,2013,26016000
Angola,AGO,2014,26942000
Angola,AGO,2015,27884000
Angola,AGO,2016,28842000
Angola,AGO,2017,29817000
Angola,AGO,2018,30810000
Angola,AGO,2019,31825000
Albania,ALB,2008,3003000
Albania,ALB,2009,2973000
Albania,ALB,2010,2948000
Albania,ALB,2011,2929000
Albania,ALB,2012,2914000
Albania,ALB,2013,2904000
Albania,ALB,2014,2896000
Albania,ALB,2015,2891000
Albania,ALB,2016,2886000
Albania,ALB,2017,2884000
Albania,ALB,2018,2883000
Albania,ALB,2019,2881000
Andorra,AND,2008,84000
Andorra,AND,2009,84000
Andorra,AND,2010,84000
Andorra,AND,2011,84000
Andorra,AND,2012,82000
Andorra,AND,2013,81000
Andorra,AND,2014,79000
Andorra,AND,2015,78000
Andorra,AND,2016,77000
Andorra,AND,2017,77000
Andorra,AND,2018,77000
Andorra,AND,2019,77000
United Arab Emirates,ARE,2008,7089000
United Arab Emirates,ARE,2009,7917000
United Arab Emirates,ARE,2010,8550000
United Arab Emirates,ARE,2011,8947000
United Arab Emirates,ARE,2012,9142000
United Arab Emirates,ARE,2013,9198000
United Arab Emirates,ARE,2014,9214000
United Arab Emirates,ARE,2015,9263000
United Arab Emirates,ARE,2016,9361000
United Arab Emirates,ARE,2017,9487000
United Arab Emirates,ARE,2018,9631000
United Arab Emirates,ARE,2019,9771000
Argentina,ARG,2008,40080000
Argentina,ARG,2009,40483000
Argentina,ARG,2010,40896000
Argentina,ARG,2011,41320000
Argentina,ARG,2012,41755000
Argentina,ARG,2013,42196000
Argentina,ARG,2014,42638000
Argentina,ARG,2015,43075000
Argentina,ARG,2016,43508000
Argentina,ARG,2017,43937000
Argentina,ARG,2018,44361000
Argentina,ARG,2019,44781000
Armenia,ARM,2008,2908000
Armenia,ARM,2009,2888000
Armenia,ARM,2010,2877000
Armenia,ARM,2011,2877000
Armenia,ARM,2012,2884000
Armenia,ARM,2013,2898000
Armenia,ARM,2014,2912000
Armenia,ARM,2015,2926000
Armenia,ARM,2016,2936000
Armenia,ARM,2017,2945000
Armenia,ARM,2018,2952000
Armenia,ARM,2019,2958000
American Samoa,ASM,2008,57000
American Samoa,ASM,2009,57000
American Samoa,ASM,2010,56000
American Samoa,ASM,2011,56000
American Samoa,ASM,2012,56000
American Samoa,ASM,2013,56000
American Samoa,ASM,2014,56000
American Samoa,ASM,2015,56000
American Samoa,ASM,2016,56000
American Samoa,ASM,2017,56000
American Samoa,ASM,2018,55000
American Samoa,ASM,2019,55000
Antigua and Barbuda,ATG,2008,85000
Antigua and Barbuda,ATG,2009,87000
Antigua and Barbuda,ATG,2010,88000
Antigua and Barbuda,ATG,2011,89000
Antigua and Barbuda,ATG,2012,90000
Antigua and Barbuda,ATG,2013,92000
Antigua and Barbuda,ATG,2014,93000
Antigua and Barbuda,ATG,2015,94000
Antigua and Barbuda,ATG,2016,95000
Antigua and Barbuda,ATG,2017,95000
Antigua and Barbuda,ATG,2018,96000
Antigua and Barbuda,ATG,2019,97000
Australia,AUS,2008,21332000
Australia,AUS,2009,21751000
Australia,AUS,2010,22155000
Australia,AUS,2011,22538000
Australia,AUS,2012,22904000
Australia,AUS,2013,23255000
Australia,AUS,2014,23596000
Australia,AUS,2015,23932000
Australia,AUS,2016,24263000
Australia,AUS,2017,24585000
Australia,AUS,2018,24898000
Australia,AUS,2019,25203000
Austria,AUT,2008,8342000
Austria,AUT,2009,8373000
Austria,AUT,2010,8410000
Austria,AUT,2011,8454000
Austria,AUT,2012,8502000
Austria,AUT,2013,8556000
Austria,AUT,2014,8615000
Austria,AUT,2015,8679000
Austria,AUT,2016,8747000
Austria,AUT,2017,8820000
Austria,AUT,2018,8891000
Austria,AUT,2019,8955000
Azerbaijan,AZE,2008,8822000
Azerbaijan,AZE,2009,8924000
Azerbaijan,AZE,2010,9032000
Azerbaijan,AZE,2011,9146000
Azerbaijan,AZE,2012,9265000
Azerbaijan,AZE,2013,9385000
Azerbaijan,AZE,2014,9506000
Azerbaijan,AZE,2015,9623000
Azerbaijan,AZE,2016,9736000
Azerbaijan,AZE,2017,9845000
Azerbaijan,AZE,2018,9950000
Azerbaijan,AZE,2019,10048000
Burundi,BDI,2008,8126000
Burundi,BDI,2009,8398000
Burundi,BDI,2010,8676000
Burundi,BDI,2011,8958000
Burundi,BDI,2012,9246000
Burundi,BDI,2013,9540000
Burundi,BDI,2014,9844000
Burundi,BDI,2015,10160000
Burundi,BDI,2016,10488000
Burundi,BDI,2017,10827000
Burundi,BDI,2018,11175000
Burundi,BDI,2019,11531000
Belgium,BEL,2008,10779000
Belgium,BEL,2009,10860000
Belgium,BEL,2010,10939000
Belgium,BEL,2011,11014000
Belgium,BEL,2012,11085000
Belgium,BEL,2013,11154000
Belgium,BEL,2014,11221000
Belgium,BEL,2015,11288000
Belgium,BEL,2016,11354000
Belgium,BEL,2017,11420000
Belgium,BEL,2018,11482000
Belgium,BEL,2019,11539000
Benin,BEN,2008,8697000
Benin,BEN,2009,8945000
Benin,BEN,2010,9199000
Benin,BEN,2011,9461000
Benin,BEN,2012,9729000
Benin,BEN,2013,10005000
Benin,BEN,2014,10287000
Benin,BEN,2015,10576000
Benin,BEN,2016,10872000
Benin,BEN,2017,11175000
Benin,BEN,2018,11485000
Benin,BEN,2019,11801000
Bonaire Sint Eustatius and Saba,BES,2008,18000
Bonaire Sint Eustatius and Saba,BES,2009,20000
Bonaire Sint Eustatius and Saba,BES,2010,21000
Bonaire Sint Eustatius and Saba,BES,2011,22000
Bonaire Sint Eustatius and Saba,BES,2012,23000
Bonaire Sint Eustatius and Saba,BES,2013,24000
Bonaire Sint Eustatius and Saba,BES,2014,24000
Bonaire Sint Eustatius and Saba,BES,2015,25000
Bonaire Sint Eustatius and Saba,BES,2016,25000
Bonaire Sint Eustatius and Saba,BES,2017,25000
Bonaire Sint Eustatius and Saba,BES,2018,26000
Bonaire Sint Eustatius and Saba,BES,2019,26000
Burkina Faso,BFA,2008,14690000
Burkina Faso,BFA,2009,15141000
Burkina Faso,BFA,2010,15605000
Burkina Faso,BFA,2011,16082000
Burkina Faso,BFA,2012,16571000
Burkina Faso,BFA,2013,17073000
Burkina Faso,BFA,2014,17586000
Burkina Faso,BFA,2015,18111000
Burkina Faso,BFA,2016,18646000
Burkina Faso,BFA,2017,19193000
Burkina Faso,BFA,2018,19751000
Burkina Faso,BFA,2019,20321000
Bangladesh,BGD,2008,144304000
Bangladesh,BGD,2009,145924992
Bangladesh,BGD,2010,147575008
Bangladesh,BGD,2011,149272992
Bangladesh,BGD,2012,151006000
Bangladesh,BGD,2013,152760992
Bangladesh,BGD,2014,154516992
Bangladesh,BGD,2015,156256000
Bangladesh,BGD,2016,157976992
Bangladesh,BGD,2017,159684992
Bangladesh,BGD,2018,161376992
Bangladesh,BGD,2019,163046000
Bulgaria,BGR,2008,7524000
Bulgaria,BGR,2009,7474000
Bulgaria,BGR,2010,7425000
Bulgaria,BGR,2011,7379000
Bulgaria,BGR,2012,7334000
Bulgaria,BGR,2013,7290000
Bulgaria,BGR,2014,7246000
Bulgaria,BGR,2015,7200000
Bulgaria,BGR,2016,7152000
Bulgaria,BGR,2017,7102000
Bulgaria,BGR,2018,7052000
Bulgaria,BGR,2019,7000000
Bahrain,BHR,2008,1115000
Bahrain,BHR,2009,1185000
Bahrain,BHR,2010,1241000
Bahrain,BHR,2011,1278000
Bahrain,BHR,2012,1300000
Bahrain,BHR,2013,1315000
Bahrain,BHR,2014,1336000
Bahrain,BHR,2015,1372000
Bahrain,BHR,2016,1426000
Bahrain,BHR,2017,1494000
Bahrain,BHR,2018,1569000
Bahrain,BHR,2019,1641000
Bahamas,BHS,2008,344000
Bahamas,BHS,2009,350000
Bahamas,BHS,2010,355000
Bahamas,BHS,2011,360000
Bahamas,BHS,2012,364000
Bahamas,BHS,2013,367000
Bahamas,BHS,2014,371000
Bahamas,BHS,2015,374000
Bahamas,BHS,2016,378000
Bahamas,BHS,2017,382000
Bahamas,BHS,2018,386000
Bahamas,BHS,2019,389000
Bosnia and Herzegovina,BIH,2008,3754000
Bosnia and Herzegovina,BIH,2009,3736000
Bosnia and Herzegovina,BIH,2010,3705000
Bosnia and Herzegovina,BIH,2011,3661000
Bosnia and Herzegovina,BIH,2012,3605000
Bosnia and Herzegovina,BIH,2013,3543000
Bosnia and Herzegovina,BIH,2014,3482000
Bosnia and Herzegovina,BIH,2015,3429000
Bosnia and Herzegovina,BIH,2016,3386000
Bosnia and Herzegovina,BIH,2017,3352000
Bosnia and Herzegovina,BIH,2018,3324000
Bosnia and Herzegovina,BIH,2019,3301000
Belarus,BLR,2008,9453000
Belarus,BLR,2009,9433000
Belarus,BLR,2010,9421000
Belarus,BLR,2011,9415000
Belarus,BLR,2012,9417000
Belarus,BLR,2013,9424000
Belarus,BLR,2014,9432000
Belarus,BLR,2015,9439000
Belarus,BLR,2016,9446000
Belarus,BLR,2017,9450000
Belarus,BLR,2018,9453000
Belarus,BLR,2019,9452000
Belize,BLZ,2008,307000
Belize,BLZ,2009,315000
Belize,BLZ,2010,322000
Belize,BLZ,2011,330000
Belize,BLZ,2012,338000
Belize,BLZ,2013,346000
Belize,BLZ,2014,353000
Belize,BLZ,2015,361000
Belize,BLZ,2016,368000
Belize,BLZ,2017,376000
Belize,BLZ,2018,383000
Belize,BLZ,2019,390000
Bermuda,BMU,2008,66000
Bermuda,BMU,2009,66000
Bermuda,BMU,2010,65000
Bermuda,BMU,2011,65000
Bermuda,BMU,2012,65000
Bermuda,BMU,2013,64000
Bermuda,BMU,2014,64000
Bermuda,BMU,2015,64000
Bermuda,BMU,2016,63000
Bermuda,BMU,2017,63000
Bermuda,BMU,2018,63000
Bermuda,BMU,2019,63000
Bolivia,BOL,2008,9721000
Bolivia,BOL,2009,9885000
Bolivia,BOL,2010,10049000
Bolivia,BOL,2011,10213000
Bolivia,BOL,2012,10378000
Bolivia,BOL,2013,10542000
Bolivia,BOL,2014,10707000
Bolivia,BOL,2015,10870000
Bolivia,BOL,2016,11032000
Bolivia,BOL,2017,11193000
Bolivia,BOL,2018,11353000
Bolivia,BOL,2019,11513000
Brazil,BRA,2008,192030000
Brazil,BRA,2009,193887008
Brazil,BRA,2010,195714000
Brazil,BRA,2011,197515008
Brazil,BRA,2012,199287008
Brazil,BRA,2013,201036000
Brazil,BRA,2014,202764000
Brazil,BRA,2015,204472000
Brazil,BRA,2016,206163008
Brazil,BRA,2017,207834000
Brazil,BRA,2018,209468992
Brazil,BRA,2019,211050000
Barbados,BRB,2008,280000
Barbados,BRB,2009,281000
Barbados,BRB,2010,282000
Barbados,BRB,2011,283000
Barbados,BRB,2012,284000
Barbados,BRB,2013,284000
Barbados,BRB,2014,285000
Barbados,BRB,2015,285000
Barbados,BRB,2016,286000
Barbados,BRB,2017,286000
Barbados,BRB,2018,287000
Barbados,BRB,2019,287000
Brunei,BRN,2008,379000
Brunei,BRN,2009,384000
Brunei,BRN,2010,389000
Brunei,BRN,2011,394000
Brunei,BRN,2012,399000
Brunei,BRN,2013,404000
Brunei,BRN,2014,410000
Brunei,BRN,2015,415000
Brunei,BRN,2016,420000
Brunei,BRN,2017,424000
Brunei,BRN,2018,429000
Brunei,BRN,2019,433000
Bhutan,BTN,2008,672000
Bhutan,BTN,2009,678000
Bhutan,BTN,2010,686000
Bhutan,BTN,2011,693000
Bhutan,BTN,2012,702000
Bhutan,BTN,2013,710000
Bhutan,BTN,2014,719000
Bhutan,BTN,2015,728000
Bhutan,BTN,2016,737000
Bhutan,BTN,2017,746000
Bhutan,BTN,2018,754000
Bhutan,BTN,2019,763000
Botswana,BWA,2008,1916000
Botswana,BWA,2009,1953000
Botswana,BWA,2010,1987000
Botswana,BWA,2011,2015000
Botswana,BWA,2012,2040000
Botswana,BWA,2013,2063000
Botswana,BWA,2014,2089000
Botswana,BWA,2015,2121000
Botswana,BWA,2016,2160000
Botswana,BWA,2017,2205000
Botswana,BWA,2018,2254000
Botswana,BWA,2019,2304000
Central African Republic,CAF,2008,4273000
Central African Republic,CAF,2009,4338000
Central African Republic,CAF,2010,4387000
Central African Republic,CAF,2011,4419000
Central African Republic,CAF,2012,4436000
Central African Republic,CAF,2013,4448000
Central African Republic,CAF,2014,4464000
Central African Republic,CAF,2015,4493000
Central African Republic,CAF,2016,4538000
Central African Republic,CAF,2017,4596000
Central African Republic,CAF,2018,4666000
Central African Republic,CAF,2019,4745000
Canada,CAN,2008,33338000
Canada,CAN,2009,33746000
Canada,CAN,2010,34148000
Canada,CAN,2011,34539000
Canada,CAN,2012,34922000
Canada,CAN,2013,35297000
Canada,CAN,2014,35664000
Canada,CAN,2015,36027000
Canada,CAN,2016,36383000
Canada,CAN,2017,36732000
Canada,CAN,2018,37075000
Canada,CAN,2019,37411000
Switzerland,CHE,2008,7623000
Switzerland,CHE,2009,7714000
Switzerland,CHE,2010,7809000
Switzerland,CHE,2011,7907000
Switzerland,CHE,2012,8008000
Switzerland,CHE,2013,8109000
Switzerland,CHE,2014,8206000
Switzerland,CHE,2015,8297000
Switzerland,CHE,2016,8380000
Switzerland,CHE,2017,8456000
Switzerland,CHE,2018,8526000
Switzerland,CHE,2019,8591000
Chile,CHL,2008,16708000
Chile,CHL,2009,16886000
Chile,CHL,2010,17063000
Chile,CHL,2011,17234000
Chile,CHL,2012,17400000
Chile,CHL,2013,17572000
Chile,CHL,2014,17759000
Chile,CHL,2015,17969000
Chile,CHL,2016,18209000
Chile,CHL,2017,18470000
Chile,CHL,2018,18729000
Chile,CHL,2019,18952000
China,CHN,2008,1353569024
China,CHN,2009,1361169024
China,CHN,2010,1368811008
China,CHN,2011,1376498048
China,CHN,2012,1384205952
China,CHN,2013,1391883008
China,CHN,2014,1399453952
China,CHN,2015,1406848000
China,CHN,2016,1414049024
China,CHN,2017,1421021952
China,CHN,2018,1427648000
China,CHN,2019,1433784064
Cote d'Ivoire,CIV,2008,19606000
Cote d'Ivoire,CIV,2009,20059000
Cote d'Ivoire,CIV,2010,20533000
Cote d'Ivoire,CIV,2011,21029000
Cote d'Ivoire,CIV,2012,21547000
Cote d'Ivoire,CIV,2013,22088000
Cote d'Ivoire,CIV,2014,22648000
Cote d'Ivoire,CIV,2015,23226000
Cote d'Ivoire,CIV,2016,23823000
Cote d'Ivoire,CIV,2017,24437000
Cote d'Ivoire,CIV,2018,25069000
Cote d'Ivoire,CIV,2019,25717000
Cameroon,CMR,2008,19253000
Cameroon,CMR,2009,19790000
Cameroon,CMR,2010,20341000
Cameroon,CMR,2011,20906000
Cameroon,CMR,2012,21485000
Cameroon,CMR,2013,22077000
Cameroon,CMR,2014,22682000
Cameroon,CMR,2015,23298000
Cameroon,CMR,2016,23927000
Cameroon,CMR,2017,24566000
Cameroon,CMR,2018,25216000
Cameroon,CMR,2019,25876000
Democratic Republic of Congo,COD,2008,60411000
Democratic Republic of Congo,COD,2009,62449000
Democratic Republic of Congo,COD,2010,64564000
Democratic Republic of Congo,COD,2011,66755000
Democratic Republic of Congo,COD,2012,69021000
Democratic Republic of Congo,COD,2013,71359000
Democratic Republic of Congo,COD,2014,73767000
Democratic Republic of Congo,COD,2015,76245000
Democratic Republic of Congo,COD,2016,78789000
Democratic Republic of Congo,COD,2017,81399000
Democratic Republic of Congo,COD,2018,84068000
Democratic Republic of Congo,COD,2019,86791000
Congo,COG,2008,4011000
Congo,COG,2009,4145000
Congo,COG,2010,4274000
Congo,COG,2011,4395000
Congo,COG,2012,4510000
Congo,COG,2013,4623000
Congo,COG,2014,4737000
Congo,COG,2015,4856000
Congo,COG,2016,4981000
Congo,COG,2017,5111000
Congo,COG,2018,5244000
Congo,COG,2019,5381000
Cook Islands,COK,2008,19000
Cook Islands,COK,2009,19000
Cook Islands,COK,2010,18000
Cook Islands,COK,2011,18000
Cook Islands,COK,2012,18000
Cook Islands,COK,2013,18000
Cook Islands,COK,2014,18000
Cook Islands,COK,2015,18000
Cook Islands,COK,2016,18000
Cook Islands,COK,2017,18000
Cook Islands,COK,2018,18000
Cook Islands,COK,2019,18000
Colombia,COL,2008,44255000
Colombia,COL,2009,44750000
Colombia,COL,2010,45223000
Colombia,COL,2011,45663000
Colombia,COL,2012,46076000
Colombia,COL,2013,46495000
Colombia,COL,2014,46968000
Colombia,COL,2015,47521000
Colombia,COL,2016,48175000
Colombia,COL,2017,48910000
Colombia,COL,2018,49661000
Colombia,COL,2019,50339000
Comoros,COM,2008,657000
Comoros,COM,2009,673000
Comoros,COM,2010,690000
Comoros,COM,2011,707000
Comoros,COM,2012,724000
Comoros,COM,2013,742000
Comoros,COM,2014,759000
Comoros,COM,2015,777000
Comoros,COM,2016,796000
Comoros,COM,2017,814000
Comoros,COM,2018,832000
Comoros,COM,2019,851000
Cape Verde,CPV,2008,481000
Cape Verde,CPV,2009,487000
Cape Verde,CPV,2010,493000
Cape Verde,CPV,2011,499000
Cape Verde,CPV,2012,505000
Cape Verde,CPV,2013,512000
Cape Verde,CPV,2014,518000
Cape Verde,CPV,2015,525000
Cape Verde,CPV,2016,531000
Cape Verde,CPV,2017,537000
Cape Verde,CPV,2018,544000
Cape Verde,CPV,2019,550000
Costa Rica,CRI,2008,4463000
Costa Rica,CRI,2009,4521000
Costa Rica,CRI,2010,4577000
Costa Rica,CRI,2011,4633000
Costa Rica,CRI,2012,4688000
Costa Rica,CRI,2013,4742000
Costa Rica,CRI,2014,4795000
Costa Rica,CRI,2015,4848000
Costa Rica,CRI,2016,4899000
Costa Rica,CRI,2017,4950000
Costa Rica,CRI,2018,4999000
Costa Rica,CRI,2019,5048000
Cuba,CUB,2008,11237000
Cuba,CUB,2009,11227000
Cuba,CUB,2010,11226000
Cuba,CUB,2011,11237000
Cuba,CUB,2012,11257000
Cuba,CUB,2013,11283000
Cuba,CUB,2014,11307000
Cuba,CUB,2015,11325000
Cuba,CUB,2016,11335000
Cuba,CUB,2017,11339000
Cuba,CUB,2018,11338000
Cuba,CUB,2019,11333000
Curacao,CUW,2008,141000
Curacao,CUW,2009,145000
Curacao,CUW,2010,149000
Curacao,CUW,2011,152000
Curacao,CUW,2012,155000
Curacao,CUW,2013,157000
Curacao,CUW,2014,158000
Curacao,CUW,2015,160000
Curacao,CUW,2016,161000
Curacao,CUW,2017,162000
Curacao,CUW,2018,163000
Curacao,CUW,2019,163000
Cayman Islands,CYM,2008,54000
Cayman Islands,CYM,2009,55000
Cayman Islands,CYM,2010,57000
Cayman Islands,CYM,2011,58000
Cayman Islands,CYM,2012,59000
Cayman Islands,CYM,2013,60000
Cayman Islands,CYM,2014,61000
Cayman Islands,CYM,2015,62000
Cayman Islands,CYM,2016,63000
Cayman Islands,CYM,2017,63000
Cayman Islands,CYM,2018,64000
Cayman Islands,CYM,2019,65000
Cyprus,CYP,2008,1082000
Cyprus,CYP,2009,1098000
Cyprus,CYP,2010,1113000
Cyprus,CYP,2011,1125000
Cyprus,CYP,2012,1135000
Cyprus,CYP,2013,1144000
Cyprus,CYP,2014,1152000
Cyprus,CYP,2015,1161000
Cyprus,CYP,2016,1170000
Cyprus,CYP,2017,1180000
Cyprus,CYP,2018,1189000
Cyprus,CYP,2019,1199000
Czech Republic,CZE,2008,10425000
Czech Republic,CZE,2009,10488000
Czech Republic,CZE,2010,10537000
Czech Republic,CZE,2011,10567000
Czech Republic,CZE,2012,10581000
Czech Republic,CZE,2013,10587000
Czech Republic,CZE,2014,10591000
Czech Republic,CZE,2015,10601000
Czech Republic,CZE,2016,10619000
Czech Republic,CZE,2017,10641000
Czech Republic,CZE,2018,10666000
Czech Republic,CZE,2019,10689000
Germany,DEU,2008,81066000
Germany,DEU,2009,80900000
Germany,DEU,2010,80827000
Germany,DEU,2011,80856000
Germany,DEU,2012,80973000
Germany,DEU,2013,81174000
Germany,DEU,2014,81450000
Germany,DEU,2015,81787000
Germany,DEU,2016,82194000
Germany,DEU,2017,82658000
Germany,DEU,2018,83124000
Germany,DEU,2019,83517000
Djibouti,DJI,2008,816000
Djibouti,DJI,2009,828000
Djibouti,DJI,2010,840000
Djibouti,DJI,2011,854000
Djibouti,DJI,2012,868000
Djibouti,DJI,2013,883000
Djibouti,DJI,2014,899000
Djibouti,DJI,2015,914000
Djibouti,DJI,2016,929000
Djibouti,DJI,2017,944000
Djibouti,DJI,2018,959000
Djibouti,DJI,2019,974000
Dominica,DMA,2008,71000
Dominica,DMA,2009,71000
Dominica,DMA,2010,71000
Dominica,DMA,2011,71000
Dominica,DMA,2012,71000
Dominica,DMA,2013,71000
Dominica,DMA,2014,71000
Dominica,DMA,2015,71000
Dominica,DMA,2016,71000
Dominica,DMA,2017,71000
Dominica,DMA,2018,72000
Dominica,DMA,2019,72000
Denmark,DNK,2008,5498000
Denmark,DNK,2009,5526000
Denmark,DNK,2010,5555000
Denmark,DNK,2011,5583000
Denmark,DNK,2012,5611000
Denmark,DNK,2013,5638000
Denmark,DNK,2014,5664000
Denmark,DNK,2015,5689000
Denmark,DNK,2016,5711000
Denmark,DNK,2017,5732000
Denmark,DNK,2018,5752000
Denmark,DNK,2019,5772000
Dominican Republic,DOM,2008,9458000
Dominican Republic,DOM,2009,9577000
Dominican Republic,DOM,2010,9695000
Dominican Republic,DOM,2011,9813000
Dominican Republic,DOM,2012,9931000
Dominican Republic,DOM,2013,10048000
Dominican Republic,DOM,2014,10165000
Dominican Republic,DOM,2015,10282000
Dominican Republic,DOM,2016,10398000
Dominican Republic,DOM,2017,10513000
Dominican Republic,DOM,2018,10627000
Dominican Republic,DOM,2019,10739000
Algeria,DZA,2008,34731000
Algeria,DZA,2009,35334000
Algeria,DZA,2010,35977000
Algeria,DZA,2011,36661000
Algeria,DZA,2012,37384000
Algeria,DZA,2013,38140000
Algeria,DZA,2014,38924000
Algeria,DZA,2015,39728000
Algeria,DZA,2016,40551000
Algeria,DZA,2017,41389000
Algeria,DZA,2018,42228000
Algeria,DZA,2019,43053000
Ecuador,ECU,2008,14536000
Ecuador,ECU,2009,14774000
Ecuador,ECU,2010,15011000
Ecuador,ECU,2011,15244000
Ecuador,ECU,2012,15474000
Ecuador,ECU,2013,15707000
Ecuador,ECU,2014,15952000
Ecuador,ECU,2015,16212000
Ecuador,ECU,2016,16491000
Ecuador,ECU,2017,16785000
Ecuador,ECU,2018,17084000
Ecuador,ECU,2019,17374000
Egypt,EGY,2008,79636000
Egypt,EGY,2009,81135000
Egypt,EGY,2010,82761000
Egypt,EGY,2011,84529000
Egypt,EGY,2012,86422000
Egypt,EGY,2013,88405000
Egypt,EGY,2014,90425000
Egypt,EGY,2015,92443000
Egypt,EGY,2016,94447000
Egypt,EGY,2017,96443000
Egypt,EGY,2018,98424000
Egypt,EGY,2019,100388000
Eritrea,ERI,2008,3063000
Eritrea,ERI,2009,3120000
Eritrea,ERI,2010,3170000
Eritrea,ERI,2011,3214000
Eritrea,ERI,2012,3250000
Eritrea,ERI,2013,3281000
Eritrea,ERI,2014,3311000
Eritrea,ERI,2015,3343000
Eritrea,ERI,2016,3377000
Eritrea,ERI,2017,3413000
Eritrea,ERI,2018,3453000
Eritrea,ERI,2019,3497000
Western Sahara,ESH,2008,469000
Western Sahara,ESH,2009,474000
Western Sahara,ESH,2010,480000
Western Sahara,ESH,2011,488000
Western Sahara,ESH,2012,496000
Western Sahara,ESH,2013,505000
Western Sahara,ESH,2014,515000
Western Sahara,ESH,2015,526000
Western Sahara,ESH,2016,539000
Western Sahara,ESH,2017,553000
Western Sahara,ESH,2018,567000
Western Sahara,ESH,2019,582000
Spain,ESP,2008,46069000
Spain,ESP,2009,46584000
Spain,ESP,2010,46931000
Spain,ESP,2011,47084000
Spain,ESP,2012,47063000
Spain,ESP,2013,46931000
Spain,ESP,2014,46778000
Spain,ESP,2015,46672000
Spain,ESP,2016,46634000
Spain,ESP,2017,46647000
Spain,ESP,2018,46693000
Spain,ESP,2019,46737000
Estonia,EST,2008,1340000
Estonia,EST,2009,1336000
Estonia,EST,2010,1332000
Estonia,EST,2011,1328000
Estonia,EST,2012,1323000
Estonia,EST,2013,1319000
Estonia,EST,2014,1316000
Estonia,EST,2015,1315000
Estonia,EST,2016,1317000
Estonia,EST,2017,1319000
Estonia,EST,2018,1323000
Estonia,EST,2019,1326000
Ethiopia,ETH,2008,82916000
Ethiopia,ETH,2009,85234000
Ethiopia,ETH,2010,87640000
Ethiopia,ETH,2011,90140000
Ethiopia,ETH,2012,92727000
Ethiopia,ETH,2013,95386000
Ethiopia,ETH,2014,98094000
Ethiopia,ETH,2015,100835000
Ethiopia,ETH,2016,103603000
Ethiopia,ETH,2017,106400000
Ethiopia,ETH,2018,109224000
Ethiopia,ETH,2019,112079000
Finland,FIN,2008,5319000
Finland,FIN,2009,5342000
Finland,FIN,2010,5366000
Finland,FIN,2011,5390000
Finland,FIN,2012,5415000
Finland,FIN,2013,5439000
Finland,FIN,2014,5461000
Finland,FIN,2015,5481000
Finland,FIN,2016,5498000
Finland,FIN,2017,5511000
Finland,FIN,2018,5523000
Finland,FIN,2019,5532000
Fiji,FJI,2008,845000
Fiji,FJI,2009,854000
Fiji,FJI,2010,860000
Fiji,FJI,2011,863000
Fiji,FJI,2012,865000
Fiji,FJI,2013,866000
Fiji,FJI,2014,866000
Fiji,FJI,2015,869000
Fiji,FJI,2016,872000
Fiji,FJI,2017,877000
Fiji,FJI,2018,883000
Fiji,FJI,2019,890000
Falkland Islands,FLK,2008,3000
Falkland Islands,FLK,2009,3000
Falkland Islands,FLK,2010,3000
Falkland Islands,FLK,2011,3000
Falkland Islands,FLK,2012,3000
Falkland Islands,FLK,2013,3000
Falkland Islands,FLK,2014,3000
Falkland Islands,FLK,2015,3000
Falkland Islands,FLK,2016,3000
Falkland Islands,FLK,2017,3000
Falkland Islands,FLK,2018,3000
Falkland Islands,FLK,2019,3000
France,FRA,2008,62209000
France,FRA,2009,62543000
France,FRA,2010,62880000
France,FRA,2011,63222000
France,FRA,2012,63564000
France,FRA,2013,63894000
France,FRA,2014,64194000
France,FRA,2015,64453000
France,FRA,2016,64668000
France,FRA,2017,64843000
France,FRA,2018,64991000
France,FRA,2019,65130000
Faeroe Islands,FRO,2008,48000
Faeroe Islands,FRO,2009,48000
Faeroe Islands,FRO,2010,48000
Faeroe Islands,FRO,2011,48000
Faeroe Islands,FRO,2012,48000
Faeroe Islands,FRO,2013,48000
Faeroe Islands,FRO,2014,48000
Faeroe Islands,FRO,2015,48000
Faeroe Islands,FRO,2016,48000
Faeroe Islands,FRO,2017,48000
Faeroe Islands,FRO,2018,48000
Faeroe Islands,FRO,2019,49000
Micronesia (country),FSM,2008,104000
Micronesia (country),FSM,2009,103000
Micronesia (country),FSM,2010,103000
Micronesia (country),FSM,2011,103000
Micronesia (country),FSM,2012,105000
Micronesia (country),FSM,2013,106000
Micronesia (country),FSM,2014,107000
Micronesia (country),FSM,2015,109000
Micronesia (country),FSM,2016,110000
Micronesia (country),FSM,2017,111000
Micronesia (country),FSM,2018,113000
Micronesia (country),FSM,2019,114000
Gabon,GAB,2008,1519000
Gabon,GAB,2009,1569000
Gabon,GAB,2010,1624000
Gabon,GAB,2011,1685000
Gabon,GAB,2012,1750000
Gabon,GAB,2013,1817000
Gabon,GAB,2014,1884000
Gabon,GAB,2015,1948000
Gabon,GAB,2016,2008000
Gabon,GAB,2017,2065000
Gabon,GAB,2018,2119000
Gabon,GAB,2019,2173000
United Kingdom,GBR,2008,62145000
United Kingdom,GBR,2009,62829000
United Kingdom,GBR,2010,63460000
United Kingdom,GBR,2011,64022000
United Kingdom,GBR,2012,64525000
United Kingdom,GBR,2013,64984000
United Kingdom,GBR,2014,65423000
United Kingdom,GBR,2015,65860000
United Kingdom,GBR,2016,66298000
United Kingdom,GBR,2017,66727000
United Kingdom,GBR,2018,67142000
United Kingdom,GBR,2019,67530000
Georgia,GEO,2008,4143000
Georgia,GEO,2009,4119000
Georgia,GEO,2010,4099000
Georgia,GEO,2011,4081000
Georgia,GEO,2012,4064000
Georgia,GEO,2013,4049000
Georgia,GEO,2014,4035000
Georgia,GEO,2015,4024000
Georgia,GEO,2016,4015000
Georgia,GEO,2017,4009000
Georgia,GEO,2018,4003000
Georgia,GEO,2019,3997000
Ghana,GHA,2008,23564000
Ghana,GHA,2009,24171000
Ghana,GHA,2010,24780000
Ghana,GHA,2011,25388000
Ghana,GHA,2012,25996000
Ghana,GHA,2013,26608000
Ghana,GHA,2014,27224000
Ghana,GHA,2015,27849000
Ghana,GHA,2016,28482000
Ghana,GHA,2017,29121000
Ghana,GHA,2018,29767000
Ghana,GHA,2019,30418000
Gibraltar,GIB,2008,34000
Gibraltar,GIB,2009,34000
Gibraltar,GIB,2010,34000
Gibraltar,GIB,2011,34000
Gibraltar,GIB,2012,34000
Gibraltar,GIB,2013,34000
Gibraltar,GIB,2014,34000
Gibraltar,GIB,2015,34000
Gibraltar,GIB,2016,34000
Gibraltar,GIB,2017,34000
Gibraltar,GIB,2018,34000
Gibraltar,GIB,2019,34000
Guinea,GIN,2008,9739000
Guinea,GIN,2009,9964000
Guinea,GIN,2010,10192000
Guinea,GIN,2011,10420000
Guinea,GIN,2012,10652000
Guinea,GIN,2013,10893000
Guinea,GIN,2014,11151000
Guinea,GIN,2015,11432000
Guinea,GIN,2016,11738000
Guinea,GIN,2017,12068000
Guinea,GIN,2018,12414000
Guinea,GIN,2019,12771000
Guadeloupe,GLP,2008,404000
Guadeloupe,GLP,2009,405000
Guadeloupe,GLP,2010,406000
Guadeloupe,GLP,2011,406000
Guadeloupe,GLP,2012,404000
Guadeloupe,GLP,2013,403000
Guadeloupe,GLP,2014,401000
Guadeloupe,GLP,2015,400000
Guadeloupe,GLP,2016,400000
Guadeloupe,GLP,2017,400000
Guadeloupe,GLP,2018,400000
Guadeloupe,GLP,2019,400000
Gambia,GMB,2008,1689000
Gambia,GMB,2009,1740000
Gambia,GMB,2010,1793000
Gambia,GMB,2011,1848000
Gambia,GMB,2012,1905000
Gambia,GMB,2013,1964000
Gambia,GMB,2014,2024000
Gambia,GMB,2015,2086000
Gambia,GMB,2016,2149000
Gambia,GMB,2017,2214000
Gambia,GMB,2018,2280000
Gambia,GMB,2019,2348000
Guinea-Bissau,GNB,2008,1447000
Guinea-Bissau,GNB,2009,1484000
Guinea-Bissau,GNB,2010,1523000
Guinea-Bissau,GNB,2011,1563000
Guinea-Bissau,GNB,2012,1605000
Guinea-Bissau,GNB,2013,1648000
Guinea-Bissau,GNB,2014,1692000
Guinea-Bissau,GNB,2015,1737000
Guinea-Bissau,GNB,2016,1782000
Guinea-Bissau,GNB,2017,1828000
Guinea-Bissau,GNB,2018,1874000
Guinea-Bissau,GNB,2019,1921000
Equatorial Guinea,GNQ,2008,861000
Equatorial Guinea,GNQ,2009,902000
Equatorial Guinea,GNQ,2010,944000
Equatorial Guinea,GNQ,2011,987000
Equatorial Guinea,GNQ,2012,1031000
Equatorial Guinea,GNQ,2013,1076000
Equatorial Guinea,GNQ,2014,1122000
Equatorial Guinea,GNQ,2015,1169000
Equatorial Guinea,GNQ,2016,1215000
Equatorial Guinea,GNQ,2017,1262000
Equatorial Guinea,GNQ,2018,1309000
Equatorial Guinea,GNQ,2019,1356000
Greece,GRC,2008,11040000
Greece,GRC,2009,10959000
Greece,GRC,2010,10888000
Greece,GRC,2011,10829000
Greece,GRC,2012,10781000
Greece,GRC,2013,10741000
Greece,GRC,2014,10701000
Greece,GRC,2015,10660000
Greece,GRC,2016,10615000
Greece,GRC,2017,10569000
Greece,GRC,2018,10522000
Greece,GRC,2019,10473000
Grenada,GRD,2008,105000
Grenada,GRD,2009,106000
Grenada,GRD,2010,106000
Grenada,GRD,2011,107000
Grenada,GRD,2012,107000
Grenada,GRD,2013,108000
Grenada,GRD,2014,109000
Grenada,GRD,2015,110000
Grenada,GRD,2016,110000
Grenada,GRD,2017,111000
Grenada,GRD,2018,111000
Grenada,GRD,2019,112000
Greenland,GRL,2008,57000
Greenland,GRL,2009,57000
Greenland,GRL,2010,57000
Greenland,GRL,2011,57000
Greenland,GRL,2012,56000
Greenland,GRL,2013,56000
Greenland,GRL,2014,56000
Greenland,GRL,2015,56000
Greenland,GRL,2016,56000
Greenland,GRL,2017,56000
Greenland,GRL,2018,57000
Greenland,GRL,2019,57000
Guatemala,GTM,2008,14006000
Guatemala,GTM,2009,14316000
Guatemala,GTM,2010,14630000
Guatemala,GTM,2011,14949000
Guatemala,GTM,2012,15271000
Guatemala,GTM,2013,15596000
Guatemala,GTM,2014,15923000
Guatemala,GTM,2015,16252000
Guatemala,GTM,2016,16583000
Guatemala,GTM,2017,16915000
Guatemala,GTM,2018,17248000
Guatemala,GTM,2019,17581000
French Guiana,GUF,2008,222000
French Guiana,GUF,2009,228000
French Guiana,GUF,2010,233000
French Guiana,GUF,2011,238000
French Guiana,GUF,2012,244000
French Guiana,GUF,2013,249000
French Guiana,GUF,2014,255000
French Guiana,GUF,2015,261000
French Guiana,GUF,2016,268000
French Guiana,GUF,2017,275000
French Guiana,GUF,2018,283000
French Guiana,GUF,2019,291000
Guam,GUM,2008,159000
Guam,GUM,2009,159000
Guam,GUM,2010,159000
Guam,GUM,2011,160000
Guam,GUM,2012,160000
Guam,GUM,2013,160000
Guam,GUM,2014,161000
Guam,GUM,2015,162000
Guam,GUM,2016,163000
Guam,GUM,2017,164000
Guam,GUM,2018,166000
Guam,GUM,2019,167000
Guyana,GUY,2008,747000
Guyana,GUY,2009,748000
Guyana,GUY,2010,749000
Guyana,GUY,2011,752000
Guyana,GUY,2012,755000
Guyana,GUY,2013,759000
Guyana,GUY,2014,763000
Guyana,GUY,2015,767000
Guyana,GUY,2016,771000
Guyana,GUY,2017,775000
Guyana,GUY,2018,779000
Guyana,GUY,2019,783000
Hong Kong,HKG,2008,6882000
Hong Kong,HKG,2009,6925000
Hong Kong,HKG,2010,6966000
Hong Kong,HKG,2011,7007000
Hong Kong,HKG,2012,7047000
Hong Kong,HKG,2013,7089000
Hong Kong,HKG,2014,7135000
Hong Kong,HKG,2015,7186000
Hong Kong,HKG,2016,7244000
Hong Kong,HKG,2017,7306000
Hong Kong,HKG,2018,7372000
Hong Kong,HKG,2019,7436000
Honduras,HND,2008,7981000
Honduras,HND,2009,8151000
Honduras,HND,2010,8317000
Honduras,HND,2011,8481000
Honduras,HND,2012,8641000
Honduras,HND,2013,8799000
Honduras,HND,2014,8956000
Honduras,HND,2015,9113000
Honduras,HND,2016,9271000
Honduras,HND,2017,9429000
Honduras,HND,2018,9588000
Honduras,HND,2019,9746000
Croatia,HRV,2008,4353000
Croatia,HRV,2009,4341000
Croatia,HRV,2010,4328000
Croatia,HRV,2011,4313000
Croatia,HRV,2012,4296000
Croatia,HRV,2013,4277000
Croatia,HRV,2014,4256000
Croatia,HRV,2015,4233000
Croatia,HRV,2016,4209000
Croatia,HRV,2017,4183000
Croatia,HRV,2018,4156000
Croatia,HRV,2019,4130000
Haiti,HTI,2008,9647000
Haiti,HTI,2009,9798000
Haiti,HTI,2010,9949000
Haiti,HTI,2011,10100000
Haiti,HTI,2012,10251000
Haiti,HTI,2013,10401000
Haiti,HTI,2014,10549000
Haiti,HTI,2015,10696000
Haiti,HTI,2016,10840000
Haiti,HTI,2017,10982000
Haiti,HTI,2018,11123000
Haiti,HTI,2019,11263000
Hungary,HUN,2008,9992000
Hungary,HUN,2009,9959000
Hungary,HUN,2010,9927000
Hungary,HUN,2011,9896000
Hungary,HUN,2012,9864000
Hungary,HUN,2013,9834000
Hungary,HUN,2014,9805000
Hungary,HUN,2015,9778000
Hungary,HUN,2016,9753000
Hungary,HUN,2017,9730000
Hungary,HUN,2018,9708000
Hungary,HUN,2019,9685000
Indonesia,IDN,2008,235470000
Indonesia,IDN,2009,238620992
Indonesia,IDN,2010,241834000
Indonesia,IDN,2011,245116000
Indonesia,IDN,2012,248452000
Indonesia,IDN,2013,251804992
Indonesia,IDN,2014,255128000
Indonesia,IDN,2015,258383008
Indonesia,IDN,2016,261556000
Indonesia,IDN,2017,264651008
Indonesia,IDN,2018,267671008
Indonesia,IDN,2019,270625984
Isle of Man,IMN,2008,84000
Isle of Man,IMN,2009,84000
Isle of Man,IMN,2010,85000
Isle of Man,IMN,2011,85000
Isle of Man,IMN,2012,85000
Isle of Man,IMN,2013,84000
Isle of Man,IMN,2014,83000
Isle of Man,IMN,2015,83000
Isle of Man,IMN,2016,83000
Isle of Man,IMN,2017,84000
Isle of Man,IMN,2018,84000
Isle of Man,IMN,2019,85000
India,IND,2008,1200669952
India,IND,2009,1217725952
India,IND,2010,1234280960
India,IND,2011,1250288000
India,IND,2012,1265779968
India,IND,2013,1280841984
India,IND,2014,1295601024
India,IND,2015,1310151936
India,IND,2016,1324516992
India,IND,2017,1338676992
India,IND,2018,1352642048
India,IND,2019,1366418048
Ireland,IRL,2008,4416000
Ireland,IRL,2009,4495000
Ireland,IRL,2010,4554000
Ireland,IRL,2011,4591000
Ireland,IRL,2012,4608000
Ireland,IRL,2013,4615000
Ireland,IRL,2014,4627000
Ireland,IRL,2015,4652000
Ireland,IRL,2016,4696000
Ireland,IRL,2017,4753000
Ireland,IRL,2018,4819000
Ireland,IRL,2019,4882000
Iran,IRN,2008,72121000
Iran,IRN,2009,72925000
Iran,IRN,2010,73763000
Iran,IRN,2011,74635000
Iran,IRN,2012,75540000
Iran,IRN,2013,76482000
Iran,IRN,2014,77466000
Iran,IRN,2015,78492000
Iran,IRN,2016,79564000
Iran,IRN,2017,80674000
Iran,IRN,2018,81800000
Iran,IRN,2019,82914000
Iraq,IRQ,2008,28386000
Iraq,IRQ,2009,28973000
Iraq,IRQ,2010,29742000
Iraq,IRQ,2011,30725000
Iraq,IRQ,2012,31890000
Iraq,IRQ,2013,33157000
Iraq,IRQ,2014,34412000
Iraq,IRQ,2015,35572000
Iraq,IRQ,2016,36611000
Iraq,IRQ,2017,37553000
Iraq,IRQ,2018,38434000
Iraq,IRQ,2019,39310000
Iceland,ISL,2008,311000
Iceland,ISL,2009,316000
Iceland,ISL,2010,320000
Iceland,ISL,2011,323000
Iceland,ISL,2012,326000
Iceland,ISL,2013,327000
Iceland,ISL,2014,329000
Iceland,ISL,2015,330000
Iceland,ISL,2016,332000
Iceland,ISL,2017,334000
Iceland,ISL,2018,337000
Iceland,ISL,2019,339000
Israel,ISR,2008,7021000
Israel,ISR,2009,7190000
Israel,ISR,2010,7346000
Israel,ISR,2011,7487000
Israel,ISR,2012,7615000
Israel,ISR,2013,7735000
Israel,ISR,2014,7854000
Israel,ISR,2015,7978000
Israel,ISR,2016,8109000
Israel,ISR,2017,8244000
Israel,ISR,2018,8382000
Israel,ISR,2019,8519000
Italy,ITA,2008,58922000
Italy,ITA,2009,59106000
Italy,ITA,2010,59325000
Italy,ITA,2011,59589000
Italy,ITA,2012,59879000
Italy,ITA,2013,60167000
Italy,ITA,2014,60410000
Italy,ITA,2015,60578000
Italy,ITA,2016,60663000
Italy,ITA,2017,60674000
Italy,ITA,2018,60627000
Italy,ITA,2019,60550000
Jamaica,JAM,2008,2782000
Jamaica,JAM,2009,2796000
Jamaica,JAM,2010,2810000
Jamaica,JAM,2011,2826000
Jamaica,JAM,2012,2842000
Jamaica,JAM,2013,2859000
Jamaica,JAM,2014,2875000
Jamaica,JAM,2015,2891000
Jamaica,JAM,2016,2906000
Jamaica,JAM,2017,2921000
Jamaica,JAM,2018,2935000
Jamaica,JAM,2019,2948000
Jordan,JOR,2008,6556000
Jordan,JOR,2009,6893000
Jordan,JOR,2010,7262000
Jordan,JOR,2011,7663000
Jordan,JOR,2012,8090000
Jordan,JOR,2013,8519000
Jordan,JOR,2014,8919000
Jordan,JOR,2015,9267000
Jordan,JOR,2016,9554000
Jordan,JOR,2017,9786000
Jordan,JOR,2018,9965000
Jordan,JOR,2019,10102000
Japan,JPN,2008,128539000
Japan,JPN,2009,128555000
Japan,JPN,2010,128542000
Japan,JPN,2011,128499000
Japan,JPN,2012,128424000
Japan,JPN,2013,128314000
Japan,JPN,2014,128169000
Japan,JPN,2015,127985000
Japan,JPN,2016,127763000
Japan,JPN,2017,127503000
Japan,JPN,2018,127202000
Japan,JPN,2019,126860000
Kazakhstan,KAZ,2008,15862000
Kazakhstan,KAZ,2009,16043000
Kazakhstan,KAZ,2010,16252000
Kazakhstan,KAZ,2011,16491000
Kazakhstan,KAZ,2012,16752000
Kazakhstan,KAZ,2013,17026000
Kazakhstan,KAZ,2014,17303000
Kazakhstan,KAZ,2015,17572000
Kazakhstan,KAZ,2016,17831000
Kazakhstan,KAZ,2017,18080000
Kazakhstan,KAZ,2018,18320000
Kazakhstan,KAZ,2019,18551000
Kenya,KEN,2008,39792000
Kenya,KEN,2009,40902000
Kenya,KEN,2010,42031000
Kenya,KEN,2011,43178000
Kenya,KEN,2012,44343000
Kenya,KEN,2013,45520000
Kenya,KEN,2014,46700000
Kenya,KEN,2015,47878000
Kenya,KEN,2016,49052000
Kenya,KEN,2017,50221000
Kenya,KEN,2018,51393000
Kenya,KEN,2019,52574000
Kyrgyzstan,KGZ,2008,5255000
Kyrgyzstan,KGZ,2009,5335000
Kyrgyzstan,KGZ,2010,5422000
Kyrgyzstan,KGZ,2011,5518000
Kyrgyzstan,KGZ,2012,5622000
Kyrgyzstan,KGZ,2013,5731000
Kyrgyzstan,KGZ,2014,5845000
Kyrgyzstan,KGZ,2015,5959000
Kyrgyzstan,KGZ,2016,6074000
Kyrgyzstan,KGZ,2017,6190000
Kyrgyzstan,KGZ,2018,6304000
Kyrgyzstan,KGZ,2019,6416000
Cambodia,KHM,2008,13884000
Cambodia,KHM,2009,14094000
Cambodia,KHM,2010,14312000
Cambodia,KHM,2011,14541000
Cambodia,KHM,2012,14780000
Cambodia,KHM,2013,15026000
Cambodia,KHM,2014,15275000
Cambodia,KHM,2015,15521000
Cambodia,KHM,2016,15766000
Cambodia,KHM,2017,16009000
Cambodia,KHM,2018,16250000
Cambodia,KHM,2019,16487000
Kiribati,KIR,2008,99000
Kiribati,KIR,2009,101000
Kiribati,KIR,2010,103000
Kiribati,KIR,2011,105000
Kiribati,KIR,2012,106000
Kiribati,KIR,2013,108000
Kiribati,KIR,2014,109000
Kiribati,KIR,2015,111000
Kiribati,KIR,2016,113000
Kiribati,KIR,2017,114000
Kiribati,KIR,2018,116000
Kiribati,KIR,2019,118000
Saint Kitts and Nevis,KNA,2008,48000
Saint Kitts and Nevis,KNA,2009,49000
Saint Kitts and Nevis,KNA,2010,49000
Saint Kitts and Nevis,KNA,2011,49000
Saint Kitts and Nevis,KNA,2012,50000
Saint Kitts and Nevis,KNA,2013,50000
Saint Kitts and Nevis,KNA,2014,51000
Saint Kitts and Nevis,KNA,2015,51000
Saint Kitts and Nevis,KNA,2016,52000
Saint Kitts and Nevis,KNA,2017,52000
Saint Kitts and Nevis,KNA,2018,52000
Saint Kitts and Nevis,KNA,2019,53000
South Korea,KOR,2008,49182000
South Korea,KOR,2009,49347000
South Korea,KOR,2010,49546000
South Korea,KOR,2011,49786000
South Korea,KOR,2012,50061000
South Korea,KOR,2013,50346000
South Korea,KOR,2014,50608000
South Korea,KOR,2015,50823000
South Korea,KOR,2016,50983000
South Korea,KOR,2017,51096000
South Korea,KOR,2018,51172000
South Korea,KOR,2019,51225000
Kuwait,KWT,2008,2656000
Kuwait,KWT,2009,2821000
Kuwait,KWT,2010,2992000
Kuwait,KWT,2011,3168000
Kuwait,KWT,2012,3349000
Kuwait,KWT,2013,3526000
Kuwait,KWT,2014,3691000
Kuwait,KWT,2015,3836000
Kuwait,KWT,2016,3957000
Kuwait,KWT,2017,4056000
Kuwait,KWT,2018,4137000
Kuwait,KWT,2019,4207000
Laos,LAO,2008,6047000
Laos,LAO,2009,6149000
Laos,LAO,2010,6249000
Laos,LAO,2011,6348000
Laos,LAO,2012,6445000
Laos,LAO,2013,6541000
Laos,LAO,2014,6640000
Laos,LAO,2015,6741000
Laos,LAO,2016,6846000
Laos,LAO,2017,6953000
Laos,LAO,2018,7061000
Laos,LAO,2019,7169000
Lebanon,LBN,2008,4765000
Lebanon,LBN,2009,4813000
Lebanon,LBN,2010,4953000
Lebanon,LBN,2011,5202000
Lebanon,LBN,2012,5538000
Lebanon,LBN,2013,5913000
Lebanon,LBN,2014,6261000
Lebanon,LBN,2015,6533000
Lebanon,LBN,2016,6714000
Lebanon,LBN,2017,6819000
Lebanon,LBN,2018,6859000
Lebanon,LBN,2019,6856000
Liberia,LBR,2008,3608000
Liberia,LBR,2009,3754000
Liberia,LBR,2010,3891000
Liberia,LBR,2011,4017000
Liberia,LBR,2012,4136000
Liberia,LBR,2013,4248000
Liberia,LBR,2014,4360000
Liberia,LBR,2015,4472000
Liberia,LBR,2016,4587000
Liberia,LBR,2017,4702000
Liberia,LBR,2018,4819000
Liberia,LBR,2019,4937000
Libya,LBY,2008,6059000
Libya,LBY,2009,6134000
Libya,LBY,2010,6198000
Libya,LBY,2011,6247000
Libya,LBY,2012,6286000
Libya,LBY,2013,6320000
Libya,LBY,2014,6362000
Libya,LBY,2015,6418000
Libya,LBY,2016,6492000
Libya,LBY,2017,6581000
Libya,LBY,2018,6679000
Libya,LBY,2019,6777000
Saint Lucia,LCA,2008,170000
Saint Lucia,LCA,2009,172000
Saint Lucia,LCA,2010,174000
Saint Lucia,LCA,2011,176000
Saint Lucia,LCA,2012,177000
Saint Lucia,LCA,2013,178000
Saint Lucia,LCA,2014,178000
Saint Lucia,LCA,2015,179000
Saint Lucia,LCA,2016,180000
Saint Lucia,LCA,2017,181000
Saint Lucia,LCA,2018,182000
Saint Lucia,LCA,2019,183000
Liechtenstein,LIE,2008,35000
Liechtenstein,LIE,2009,36000
Liechtenstein,LIE,2010,36000
Liechtenstein,LIE,2011,36000
Liechtenstein,LIE,2012,37000
Liechtenstein,LIE,2013,37000
Liechtenstein,LIE,2014,37000
Liechtenstein,LIE,2015,37000
Liechtenstein,LIE,2016,38000
Liechtenstein,LIE,2017,38000
Liechtenstein,LIE,2018,38000
Liechtenstein,LIE,2019,38000
Sri Lanka,LKA,2008,19984000
Sri Lanka,LKA,2009,20124000
Sri Lanka,LKA,2010,20262000
Sri Lanka,LKA,2011,20398000
Sri Lanka,LKA,2012,20533000
Sri Lanka,LKA,2013,20663000
Sri Lanka,LKA,2014,20789000
Sri Lanka,LKA,2015,20908000
Sri Lanka,LKA,2016,21021000
Sri Lanka,LKA,2017,21128000
Sri Lanka,LKA,2018,21229000
Sri Lanka,LKA,2019,21324000
Lesotho,LSO,2008,1987000
Lesotho,LSO,2009,1990000
Lesotho,LSO,2010,1996000
Lesotho,LSO,2011,2004000
Lesotho,LSO,2012,2015000
Lesotho,LSO,2013,2029000
Lesotho,LSO,2014,2043000
Lesotho,LSO,2015,2059000
Lesotho,LSO,2016,2075000
Lesotho,LSO,2017,2092000
Lesotho,LSO,2018,2108000
Lesotho,LSO,2019,2125000
Lithuania,LTU,2008,3213000
Lithuania,LTU,2009,3167000
Lithuania,LTU,2010,3124000
Lithuania,LTU,2011,3083000
Lithuania,LTU,2012,3046000
Lithuania,LTU,2013,3009000
Lithuania,LTU,2014,2971000
Lithuania,LTU,2015,2932000
Lithuania,LTU,2016,2890000
Lithuania,LTU,2017,2845000
Lithuania,LTU,2018,2801000
Lithuania,LTU,2019,2760000
Luxembourg,LUX,2008,485000
Luxembourg,LUX,2009,497000
Luxembourg,LUX,2010,508000
Luxembourg,LUX,2011,519000
Luxembourg,LUX,2012,531000
Luxembourg,LUX,2013,543000
Luxembourg,LUX,2014,555000
Luxembourg,LUX,2015,567000
Luxembourg,LUX,2016,579000
Luxembourg,LUX,2017,592000
Luxembourg,LUX,2018,604000
Luxembourg,LUX,2019,616000
Latvia,LVA,2008,2171000
Latvia,LVA,2009,2145000
Latvia,LVA,2010,2119000
Latvia,LVA,2011,2094000
Latvia,LVA,2012,2069000
Latvia,LVA,2013,2045000
Latvia,LVA,2014,2021000
Latvia,LVA,2015,1998000
Latvia,LVA,2016,1974000
Latvia,LVA,2017,1951000
Latvia,LVA,2018,1928000
Latvia,LVA,2019,1907000
Macao,MAC,2008,515000
Macao,MAC,2009,526000
Macao,MAC,2010,538000
Macao,MAC,2011,551000
Macao,MAC,2012,564000
Macao,MAC,2013,577000
Macao,MAC,2014,590000
Macao,MAC,2015,602000
Macao,MAC,2016,613000
Macao,MAC,2017,623000
Macao,MAC,2018,632000
Macao,MAC,2019,640000
Saint Martin (French part),MAF,2008,37000
Saint Martin (French part),MAF,2009,37000
Saint Martin (French part),MAF,2010,38000
Saint Martin (French part),MAF,2011,37000
Saint Martin (French part),MAF,2012,37000
Saint Martin (French part),MAF,2013,36000
Saint Martin (French part),MAF,2014,36000
Saint Martin (French part),MAF,2015,36000
Saint Martin (French part),MAF,2016,36000
Saint Martin (French part),MAF,2017,37000
Saint Martin (French part),MAF,2018,37000
Saint Martin (French part),MAF,2019,38000
Morocco,MAR,2008,31537000
Morocco,MAR,2009,31929000
Morocco,MAR,2010,32343000
Morocco,MAR,2011,32782000
Morocco,MAR,2012,33242000
Morocco,MAR,2013,33716000
Morocco,MAR,2014,34192000
Morocco,MAR,2015,34664000
Morocco,MAR,2016,35126000
Morocco,MAR,2017,35581000
Morocco,MAR,2018,36029000
Morocco,MAR,2019,36472000
Monaco,MCO,2008,35000
Monaco,MCO,2009,35000
Monaco,MCO,2010,36000
Monaco,MCO,2011,36000
Monaco,MCO,2012,36000
Monaco,MCO,2013,37000
Monaco,MCO,2014,37000
Monaco,MCO,2015,38000
Monaco,MCO,2016,38000
Monaco,MCO,2017,38000
Monaco,MCO,2018,39000
Monaco,MCO,2019,39000
Moldova,MDA,2008,4113000
Moldova,MDA,2009,4098000
Moldova,MDA,2010,4086000
Moldova,MDA,2011,4079000
Moldova,MDA,2012,4076000
Moldova,MDA,2013,4075000
Moldova,MDA,2014,4073000
Moldova,MDA,2015,4071000
Moldova,MDA,2016,4066000
Moldova,MDA,2017,4060000
Moldova,MDA,2018,4052000
Moldova,MDA,2019,4043000
Madagascar,MDG,2008,19996000
Madagascar,MDG,2009,20569000
Madagascar,MDG,2010,21152000
Madagascar,MDG,2011,21744000
Madagascar,MDG,2012,22347000
Madagascar,MDG,2013,22961000
Madagascar,MDG,2014,23590000
Madagascar,MDG,2015,24234000
Madagascar,MDG,2016,24894000
Madagascar,MDG,2017,25571000
Madagascar,MDG,2018,26262000
Madagascar,MDG,2019,26969000
Maldives,MDV,2008,343000
Maldives,MDV,2009,353000
Maldives,MDV,2010,366000
Maldives,MDV,2011,380000
Maldives,MDV,2012,397000
Maldives,MDV,2013,416000
Maldives,MDV,2014,435000
Maldives,MDV,2015,455000
Maldives,MDV,2016,476000
Maldives,MDV,2017,496000
Maldives,MDV,2018,516000
Maldives,MDV,2019,531000
Mexico,MEX,2008,110815000
Mexico,MEX,2009,112464000
Mexico,MEX,2010,114093000
Mexico,MEX,2011,115695000
Mexico,MEX,2012,117274000
Mexico,MEX,2013,118827000
Mexico,MEX,2014,120355000
Mexico,MEX,2015,121858000
Mexico,MEX,2016,123333000
Mexico,MEX,2017,124777000
Mexico,MEX,2018,126191000
Mexico,MEX,2019,127576000
Marshall Islands,MHL,2008,56000
Marshall Islands,MHL,2009,56000
Marshall Islands,MHL,2010,56000
Marshall Islands,MHL,2011,57000
Marshall Islands,MHL,2012,57000
Marshall Islands,MHL,2013,57000
Marshall Islands,MHL,2014,57000
Marshall Islands,MHL,2015,57000
Marshall Islands,MHL,2016,58000
Marshall Islands,MHL,2017,58000
Marshall Islands,MHL,2018,58000
Marshall Islands,MHL,2019,59000
Macedonia,MKD,2008,2067000
Macedonia,MKD,2009,2069000
Macedonia,MKD,2010,2071000
Macedonia,MKD,2011,2072000
Macedonia,MKD,2012,2074000
Macedonia,MKD,2013,2076000
Macedonia,MKD,2014,2078000
Macedonia,MKD,2015,2079000
Macedonia,MKD,2016,2081000
Macedonia,MKD,2017,2082000
Macedonia,MKD,2018,2083000
Macedonia,MKD,2019,2083000
Mali,MLI,2008,14114000
Mali,MLI,2009,14581000
Mali,MLI,2010,15049000
Mali,MLI,2011,15515000
Mali,MLI,2012,15979000
Mali,MLI,2013,16450000
Mali,MLI,2014,16934000
Mali,MLI,2015,17439000
Mali,MLI,2016,17965000
Mali,MLI,2017,18512000
Mali,MLI,2018,19078000
Mali,MLI,2019,19658000
Malta,MLT,2008,409000
Malta,MLT,2009,412000
Malta,MLT,2010,414000
Malta,MLT,2011,418000
Malta,MLT,2012,422000
Malta,MLT,2013,426000
Malta,MLT,2014,430000
Malta,MLT,2015,434000
Malta,MLT,2016,436000
Malta,MLT,2017,438000
Malta,MLT,2018,439000
Malta,MLT,2019,440000
Myanmar,MMR,2008,49930000
Myanmar,MMR,2009,50250000
Myanmar,MMR,2010,50601000
Myanmar,MMR,2011,50991000
Myanmar,MMR,2012,51414000
Myanmar,MMR,2013,51852000
Myanmar,MMR,2014,52281000
Myanmar,MMR,2015,52681000
Myanmar,MMR,2016,53045000
Myanmar,MMR,2017,53383000
Myanmar,MMR,2018,53708000
Myanmar,MMR,2019,54045000
Montenegro,MNE,2008,621000
Montenegro,MNE,2009,623000
Montenegro,MNE,2010,624000
Montenegro,MNE,2011,625000
Montenegro,MNE,2012,626000
Montenegro,MNE,2013,626000
Montenegro,MNE,2014,627000
Montenegro,MNE,2015,627000
Montenegro,MNE,2016,627000
Montenegro,MNE,2017,628000
Montenegro,MNE,2018,628000
Montenegro,MNE,2019,628000
Mongolia,MNG,2008,2632000
Mongolia,MNG,2009,2674000
Mongolia,MNG,2010,2720000
Mongolia,MNG,2011,2770000
Mongolia,MNG,2012,2825000
Mongolia,MNG,2013,2882000
Mongolia,MNG,2014,2940000
Mongolia,MNG,2015,2998000
Mongolia,MNG,2016,3056000
Mongolia,MNG,2017,3114000
Mongolia,MNG,2018,3170000
Mongolia,MNG,2019,3225000
Northern Mariana Islands,MNP,2008,55000
Northern Mariana Islands,MNP,2009,54000
Northern Mariana Islands,MNP,2010,54000
Northern Mariana Islands,MNP,2011,54000
Northern Mariana Islands,MNP,2012,54000
Northern Mariana Islands,MNP,2013,55000
Northern Mariana Islands,MNP,2014,55000
Northern Mariana Islands,MNP,2015,56000
Northern Mariana Islands,MNP,2016,56000
Northern Mariana Islands,MNP,2017,57000
Northern Mariana Islands,MNP,2018,57000
Northern Mariana Islands,MNP,2019,57000
Mozambique,MOZ,2008,22277000
Mozambique,MOZ,2009,22895000
Mozambique,MOZ,2010,23532000
Mozambique,MOZ,2011,24188000
Mozambique,MOZ,2012,24863000
Mozambique,MOZ,2013,25561000
Mozambique,MOZ,2014,26286000
Mozambique,MOZ,2015,27042000
Mozambique,MOZ,2016,27830000
Mozambique,MOZ,2017,28649000
Mozambique,MOZ,2018,29496000
Mozambique,MOZ,2019,30366000
Mauritania,MRT,2008,3296000
Mauritania,MRT,2009,3393000
Mauritania,MRT,2010,3494000
Mauritania,MRT,2011,3599000
Mauritania,MRT,2012,3707000
Mauritania,MRT,2013,3817000
Mauritania,MRT,2014,3931000
Mauritania,MRT,2015,4046000
Mauritania,MRT,2016,4164000
Mauritania,MRT,2017,4283000
Mauritania,MRT,2018,4403000
Mauritania,MRT,2019,4526000
Montserrat,MSR,2008,5000
Montserrat,MSR,2009,5000
Montserrat,MSR,2010,5000
Montserrat,MSR,2011,5000
Montserrat,MSR,2012,5000
Montserrat,MSR,2013,5000
Montserrat,MSR,2014,5000
Montserrat,MSR,2015,5000
Montserrat,MSR,2016,5000
Montserrat,MSR,2017,5000
Montserrat,MSR,2018,5000
Montserrat,MSR,2019,5000
Martinique,MTQ,2008,398000
Martinique,MTQ,2009,397000
Martinique,MTQ,2010,395000
Martinique,MTQ,2011,392000
Martinique,MTQ,2012,388000
Martinique,MTQ,2013,385000
Martinique,MTQ,2014,381000
Martinique,MTQ,2015,378000
Martinique,MTQ,2016,377000
Martinique,MTQ,2017,376000
Martinique,MTQ,2018,376000
Martinique,MTQ,2019,376000
Mauritius,MUS,2008,1239000
Mauritius,MUS,2009,1244000
Mauritius,MUS,2010,1248000
Mauritius,MUS,2011,1251000
Mauritius,MUS,2012,1253000
Mauritius,MUS,2013,1255000
Mauritius,MUS,2014,1257000
Mauritius,MUS,2015,1259000
Mauritius,MUS,2016,1262000
Mauritius,MUS,2017,1264000
Mauritius,MUS,2018,1267000
Mauritius,MUS,2019,1270000
Malawi,MWI,2008,13728000
Malawi,MWI,2009,14128000
Malawi,MWI,2010,14540000
Malawi,MWI,2011,14962000
Malawi,MWI,2012,15396000
Malawi,MWI,2013,15839000
Malawi,MWI,2014,16290000
Malawi,MWI,2015,16745000
Malawi,MWI,2016,17205000
Malawi,MWI,2017,17670000
Malawi,MWI,2018,18143000
Malawi,MWI,2019,18629000
Malaysia,MYS,2008,27236000
Malaysia,MYS,2009,27735000
Malaysia,MYS,2010,28208000
Malaysia,MYS,2011,28651000
Malaysia,MYS,2012,29068000
Malaysia,MYS,2013,29469000
Malaysia,MYS,2014,29867000
Malaysia,MYS,2015,30271000
Malaysia,MYS,2016,30685000
Malaysia,MYS,2017,31105000
Malaysia,MYS,2018,31528000
Malaysia,MYS,2019,31950000
Mayotte,MYT,2008,196000
Mayotte,MYT,2009,202000
Mayotte,MYT,2010,209000
Mayotte,MYT,2011,215000
Mayotte,MYT,2012,221000
Mayotte,MYT,2013,227000
Mayotte,MYT,2014,234000
Mayotte,MYT,2015,240000
Mayotte,MYT,2016,246000
Mayotte,MYT,2017,253000
Mayotte,MYT,2018,260000
Mayotte,MYT,2019,266000
Namibia,NAM,2008,2043000
Namibia,NAM,2009,2081000
Namibia,NAM,2010,2119000
Namibia,NAM,2011,2157000
Namibia,NAM,2012,2195000
Namibia,NAM,2013,2234000
Namibia,NAM,2014,2273000
Namibia,NAM,2015,2315000
Namibia,NAM,2016,2358000
Namibia,NAM,2017,2403000
Namibia,NAM,2018,2448000
Namibia,NAM,2019,2495000
New Caledonia,NCL,2008,247000
New Caledonia,NCL,2009,250000
New Caledonia,NCL,2010,254000
New Caledonia,NCL,2011,257000
New Caledonia,NCL,2012,261000
New Caledonia,NCL,2013,264000
New Caledonia,NCL,2014,268000
New Caledonia,NCL,2015,271000
New Caledonia,NCL,2016,274000
New Caledonia,NCL,2017,277000
New Caledonia,NCL,2018,280000
New Caledonia,NCL,2019,283000
Niger,NER,2008,15251000
Niger,NER,2009,15843000
Niger,NER,2010,16464000
Niger,NER,2011,17115000
Niger,NER,2012,17795000
Niger,NER,2013,18504000
Niger,NER,2014,19240000
Niger,NER,2015,20002000
Niger,NER,2016,20789000
Niger,NER,2017,21602000
Niger,NER,2018,22443000
Niger,NER,2019,23311000
Nigeria,NGA,2008,150270000
Nigeria,NGA,2009,154324992
Nigeria,NGA,2010,158503008
Nigeria,NGA,2011,162804992
Nigeria,NGA,2012,167228992
Nigeria,NGA,2013,171766000
Nigeria,NGA,2014,176404992
Nigeria,NGA,2015,181136992
Nigeria,NGA,2016,185960000
Nigeria,NGA,2017,190872992
Nigeria,NGA,2018,195875008
Nigeria,NGA,2019,200964000
Nicaragua,NIC,2008,5667000
Nicaragua,NIC,2009,5746000
Nicaragua,NIC,2010,5824000
Nicaragua,NIC,2011,5903000
Nicaragua,NIC,2012,5983000
Nicaragua,NIC,2013,6062000
Nicaragua,NIC,2014,6143000
Nicaragua,NIC,2015,6223000
Nicaragua,NIC,2016,6304000
Nicaragua,NIC,2017,6385000
Nicaragua,NIC,2018,6466000
Nicaragua,NIC,2019,6546000
Niue,NIU,2008,2000
Niue,NIU,2009,2000
Niue,NIU,2010,2000
Niue,NIU,2011,2000
Niue,NIU,2012,2000
Niue,NIU,2013,2000
Niue,NIU,2014,2000
Niue,NIU,2015,2000
Niue,NIU,2016,2000
Niue,NIU,2017,2000
Niue,NIU,2018,2000
Niue,NIU,2019,2000
Netherlands,NLD,2008,16568000
Netherlands,NLD,2009,16626000
Netherlands,NLD,2010,16683000
Netherlands,NLD,2011,16738000
Netherlands,NLD,2012,16792000
Netherlands,NLD,2013,16844000
Netherlands,NLD,2014,16893000
Netherlands,NLD,2015,16938000
Netherlands,NLD,2016,16981000
Netherlands,NLD,2017,17021000
Netherlands,NLD,2018,17060000
Netherlands,NLD,2019,17097000
Norway,NOR,2008,4771000
Norway,NOR,2009,4827000
Norway,NOR,2010,4886000
Norway,NOR,2011,4948000
Norway,NOR,2012,5014000
Norway,NOR,2013,5079000
Norway,NOR,2014,5142000
Norway,NOR,2015,5200000
Norway,NOR,2016,5251000
Norway,NOR,2017,5296000
Norway,NOR,2018,5338000
Norway,NOR,2019,5379000
Nepal,NPL,2008,26667000
Nepal,NPL,2009,26884000
Nepal,NPL,2010,27013000
Nepal,NPL,2011,27041000
Nepal,NPL,2012,26989000
Nepal,NPL,2013,26917000
Nepal,NPL,2014,26906000
Nepal,NPL,2015,27015000
Nepal,NPL,2016,27263000
Nepal,NPL,2017,27633000
Nepal,NPL,2018,28096000
Nepal,NPL,2019,28609000
Nauru,NRU,2008,10000
Nauru,NRU,2009,10000
Nauru,NRU,2010,10000
Nauru,NRU,2011,10000
Nauru,NRU,2012,10000
Nauru,NRU,2013,10000
Nauru,NRU,2014,10000
Nauru,NRU,2015,10000
Nauru,NRU,2016,10000
Nauru,NRU,2017,11000
Nauru,NRU,2018,11000
Nauru,NRU,2019,11000
New Zealand,NZL,2008,4278000
New Zealand,NZL,2009,4323000
New Zealand,NZL,2010,4370000
New Zealand,NZL,2011,4419000
New Zealand,NZL,2012,4468000
New Zealand,NZL,2013,4519000
New Zealand,NZL,2014,4568000
New Zealand,NZL,2015,4615000
New Zealand,NZL,2016,4659000
New Zealand,NZL,2017,4702000
New Zealand,NZL,2018,4743000
New Zealand,NZL,2019,4783000
Oman,OMN,2008,2751000
Oman,OMN,2009,2876000
Oman,OMN,2010,3041000
Oman,OMN,2011,3251000
Oman,OMN,2012,3498000
Oman,OMN,2013,3765000
Oman,OMN,2014,4027000
Oman,OMN,2015,4267000
Oman,OMN,2016,4479000
Oman,OMN,2017,4666000
Oman,OMN,2018,4829000
Oman,OMN,2019,4975000
Channel Islands,OWID_CIS,2008,156000
Channel Islands,OWID_CIS,2009,158000
Channel Islands,OWID_CIS,2010,160000
Channel Islands,OWID_CIS,2011,161000
Channel Islands,OWID_CIS,2012,162000
Channel Islands,OWID_CIS,2013,163000
Channel Islands,OWID_CIS,2014,164000
Channel Islands,OWID_CIS,2015,165000
Channel Islands,OWID_CIS,2016,167000
Channel Islands,OWID_CIS,2017,169000
Channel Islands,OWID_CIS,2018,170000
Channel Islands,OWID_CIS,2019,172000
World,OWID_WRL,2008,6789088768
World,OWID_WRL,2009,6872766976
World,OWID_WRL,2010,6956824064
World,OWID_WRL,2011,7041193984
World,OWID_WRL,2012,7125828096
World,OWID_WRL,2013,7210582016
World,OWID_WRL,2014,7295290880
World,OWID_WRL,2015,7379796992
World,OWID_WRL,2016,7464022016
World,OWID_WRL,2017,7547858944
World,OWID_WRL,2018,7631091200
World,OWID_WRL,2019,7713467904
Pakistan,PAK,2008,171648992
Pakistan,PAK,2009,175526000
Pakistan,PAK,2010,179424992
Pakistan,PAK,2011,183340000
Pakistan,PAK,2012,187280000
Pakistan,PAK,2013,191260992
Pakistan,PAK,2014,195304992
Pakistan,PAK,2015,199427008
Pakistan,PAK,2016,203631008
Pakistan,PAK,2017,207906000
Pakistan,PAK,2018,212228000
Pakistan,PAK,2019,216564992
Panama,PAN,2008,3516000
Panama,PAN,2009,3579000
Panama,PAN,2010,3643000
Panama,PAN,2011,3706000
Panama,PAN,2012,3771000
Panama,PAN,2013,3835000
Panama,PAN,2014,3901000
Panama,PAN,2015,3968000
Panama,PAN,2016,4037000
Panama,PAN,2017,4107000
Panama,PAN,2018,4177000
Panama,PAN,2019,4246000
Peru,PER,2008,28562000
Peru,PER,2009,28793000
Peru,PER,2010,29028000
Peru,PER,2011,29264000
Peru,PER,2012,29507000
Peru,PER,2013,29774000
Peru,PER,2014,30090000
Peru,PER,2015,30471000
Peru,PER,2016,30926000
Peru,PER,2017,31444000
Peru,PER,2018,31989000
Peru,PER,2019,32510000
Philippines,PHL,2008,90902000
Philippines,PHL,2009,92414000
Philippines,PHL,2010,93967000
Philippines,PHL,2011,95570000
Philippines,PHL,2012,97213000
Philippines,PHL,2013,98872000
Philippines,PHL,2014,100513000
Philippines,PHL,2015,102113000
Philippines,PHL,2016,103664000
Philippines,PHL,2017,105173000
Philippines,PHL,2018,106651000
Philippines,PHL,2019,108117000
Palau,PLW,2008,19000
Palau,PLW,2009,18000
Palau,PLW,2010,18000
Palau,PLW,2011,18000
Palau,PLW,2012,18000
Palau,PLW,2013,18000
Palau,PLW,2014,18000
Palau,PLW,2015,18000
Palau,PLW,2016,18000
Palau,PLW,2017,18000
Palau,PLW,2018,18000
Palau,PLW,2019,18000
Papua New Guinea,PNG,2008,6976000
Papua New Guinea,PNG,2009,7145000
Papua New Guinea,PNG,2010,7311000
Papua New Guinea,PNG,2011,7472000
Papua New Guinea,PNG,2012,7631000
Papua New Guinea,PNG,2013,7788000
Papua New Guinea,PNG,2014,7947000
Papua New Guinea,PNG,2015,8108000
Papua New Guinea,PNG,2016,8272000
Papua New Guinea,PNG,2017,8438000
Papua New Guinea,PNG,2018,8606000
Papua New Guinea,PNG,2019,8776000
Poland,POL,2008,38357000
Poland,POL,2009,38352000
Poland,POL,2010,38330000
Poland,POL,2011,38287000
Poland,POL,2012,38227000
Poland,POL,2013,38158000
Poland,POL,2014,38091000
Poland,POL,2015,38034000
Poland,POL,2016,37989000
Poland,POL,2017,37953000
Poland,POL,2018,37922000
Poland,POL,2019,37888000
Puerto Rico,PRI,2008,3608000
Puerto Rico,PRI,2009,3597000
Puerto Rico,PRI,2010,3580000
Puerto Rico,PRI,2011,3560000
Puerto Rico,PRI,2012,3537000
Puerto Rico,PRI,2013,3504000
Puerto Rico,PRI,2014,3454000
Puerto Rico,PRI,2015,3382000
Puerto Rico,PRI,2016,3283000
Puerto Rico,PRI,2017,3164000
Puerto Rico,PRI,2018,3040000
Puerto Rico,PRI,2019,2933000
North Korea,PRK,2008,24310000
North Korea,PRK,2009,24428000
North Korea,PRK,2010,24549000
North Korea,PRK,2011,24673000
North Korea,PRK,2012,24801000
North Korea,PRK,2013,24930000
North Korea,PRK,2014,25058000
North Korea,PRK,2015,25184000
North Korea,PRK,2016,25308000
North Korea,PRK,2017,25430000
North Korea,PRK,2018,25550000
North Korea,PRK,2019,25666000
Portugal,PRT,2008,10595000
Portugal,PRT,2009,10604000
Portugal,PRT,2010,10596000
Portugal,PRT,2011,10569000
Portugal,PRT,2012,10526000
Portugal,PRT,2013,10473000
Portugal,PRT,2014,10418000
Portugal,PRT,2015,10368000
Portugal,PRT,2016,10326000
Portugal,PRT,2017,10289000
Portugal,PRT,2018,10256000
Portugal,PRT,2019,10226000
Paraguay,PRY,2008,6081000
Paraguay,PRY,2009,6164000
Paraguay,PRY,2010,6248000
Paraguay,PRY,2011,6334000
Paraguay,PRY,2012,6422000
Paraguay,PRY,2013,6510000
Paraguay,PRY,2014,6600000
Paraguay,PRY,2015,6689000
Paraguay,PRY,2016,6778000
Paraguay,PRY,2017,6867000
Paraguay,PRY,2018,6956000
Paraguay,PRY,2019,7045000
Palestine,PSE,2008,3857000
Palestine,PSE,2009,3958000
Palestine,PSE,2010,4056000
Palestine,PSE,2011,4150000
Palestine,PSE,2012,4242000
Palestine,PSE,2013,4334000
Palestine,PSE,2014,4429000
Palestine,PSE,2015,4529000
Palestine,PSE,2016,4636000
Palestine,PSE,2017,4747000
Palestine,PSE,2018,4863000
Palestine,PSE,2019,4981000
French Polynesia,PYF,2008,264000
French Polynesia,PYF,2009,265000
French Polynesia,PYF,2010,266000
French Polynesia,PYF,2011,268000
French Polynesia,PYF,2012,269000
French Polynesia,PYF,2013,270000
French Polynesia,PYF,2014,272000
French Polynesia,PYF,2015,273000
French Polynesia,PYF,2016,275000
French Polynesia,PYF,2017,276000
French Polynesia,PYF,2018,278000
French Polynesia,PYF,2019,279000
Qatar,QAT,2008,1437000
Qatar,QAT,2009,1655000
Qatar,QAT,2010,1856000
Qatar,QAT,2011,2036000
Qatar,QAT,2012,2196000
Qatar,QAT,2013,2337000
Qatar,QAT,2014,2459000
Qatar,QAT,2015,2566000
Qatar,QAT,2016,2654000
Qatar,QAT,2017,2725000
Qatar,QAT,2018,2782000
Qatar,QAT,2019,2832000
Reunion,REU,2008,816000
Reunion,REU,2009,824000
Reunion,REU,2010,831000
Reunion,REU,2011,837000
Reunion,REU,2012,844000
Reunion,REU,2013,851000
Reunion,REU,2014,857000
Reunion,REU,2015,863000
Reunion,REU,2016,870000
Reunion,REU,2017,876000
Reunion,REU,2018,883000
Reunion,REU,2019,889000
Romania,ROU,2008,20830000
Romania,ROU,2009,20638000
Romania,ROU,2010,20472000
Romania,ROU,2011,20337000
Romania,ROU,2012,20227000
Romania,ROU,2013,20133000
Romania,ROU,2014,20036000
Romania,ROU,2015,19925000
Romania,ROU,2016,19796000
Romania,ROU,2017,19654000
Romania,ROU,2018,19506000
Romania,ROU,2019,19365000
Russia,RUS,2008,143248992
Russia,RUS,2009,143327008
Russia,RUS,2010,143479008
Russia,RUS,2011,143703008
Russia,RUS,2012,143994000
Russia,RUS,2013,144324992
Russia,RUS,2014,144664992
Russia,RUS,2015,144984992
Russia,RUS,2016,145275008
Russia,RUS,2017,145530000
Russia,RUS,2018,145734000
Russia,RUS,2019,145872000
Rwanda,RWA,2008,9525000
Rwanda,RWA,2009,9783000
Rwanda,RWA,2010,10039000
Rwanda,RWA,2011,10293000
Rwanda,RWA,2012,10550000
Rwanda,RWA,2013,10812000
Rwanda,RWA,2014,11084000
Rwanda,RWA,2015,11369000
Rwanda,RWA,2016,11669000
Rwanda,RWA,2017,11981000
Rwanda,RWA,2018,12302000
Rwanda,RWA,2019,12627000
Saudi Arabia,SAU,2008,25889000
Saudi Arabia,SAU,2009,26630000
Saudi Arabia,SAU,2010,27421000
Saudi Arabia,SAU,2011,28268000
Saudi Arabia,SAU,2012,29155000
Saudi Arabia,SAU,2013,30052000
Saudi Arabia,SAU,2014,30917000
Saudi Arabia,SAU,2015,31718000
Saudi Arabia,SAU,2016,32443000
Saudi Arabia,SAU,2017,33101000
Saudi Arabia,SAU,2018,33703000
Saudi Arabia,SAU,2019,34269000
Sudan,SDN,2008,33061000
Sudan,SDN,2009,33784000
Sudan,SDN,2010,34545000
Sudan,SDN,2011,35350000
Sudan,SDN,2012,36194000
Sudan,SDN,2013,37073000
Sudan,SDN,2014,37978000
Sudan,SDN,2015,38903000
Sudan,SDN,2016,39847000
Sudan,SDN,2017,40813000
Sudan,SDN,2018,41802000
Sudan,SDN,2019,42813000
Senegal,SEN,2008,12005000
Senegal,SEN,2009,12335000
Senegal,SEN,2010,12678000
Senegal,SEN,2011,13034000
Senegal,SEN,2012,13402000
Senegal,SEN,2013,13782000
Senegal,SEN,2014,14175000
Senegal,SEN,2015,14578000
Senegal,SEN,2016,14994000
Senegal,SEN,2017,15419000
Senegal,SEN,2018,15854000
Senegal,SEN,2019,16296000
Singapore,SGP,2008,4776000
Singapore,SGP,2009,4967000
Singapore,SGP,2010,5131000
Singapore,SGP,2011,5264000
Singapore,SGP,2012,5369000
Singapore,SGP,2013,5454000
Singapore,SGP,2014,5526000
Singapore,SGP,2015,5592000
Singapore,SGP,2016,5654000
Singapore,SGP,2017,5708000
Singapore,SGP,2018,5758000
Singapore,SGP,2019,5804000
Saint Helena,SHN,2008,5000
Saint Helena,SHN,2009,5000
Saint Helena,SHN,2010,5000
Saint Helena,SHN,2011,5000
Saint Helena,SHN,2012,5000
Saint Helena,SHN,2013,6000
Saint Helena,SHN,2014,6000
Saint Helena,SHN,2015,6000
Saint Helena,SHN,2016,6000
Saint Helena,SHN,2017,6000
Saint Helena,SHN,2018,6000
Saint Helena,SHN,2019,6000
Solomon Islands,SLB,2008,503000
Solomon Islands,SLB,2009,515000
Solomon Islands,SLB,2010,528000
Solomon Islands,SLB,2011,542000
Solomon Islands,SLB,2012,556000
Solomon Islands,SLB,2013,571000
Solomon Islands,SLB,2014,587000
Solomon Islands,SLB,2015,603000
Solomon Islands,SLB,2016,619000
Solomon Islands,SLB,2017,636000
Solomon Islands,SLB,2018,653000
Solomon Islands,SLB,2019,670000
Sierra Leone,SLE,2008,6134000
Sierra Leone,SLE,2009,6273000
Sierra Leone,SLE,2010,6416000
Sierra Leone,SLE,2011,6563000
Sierra Leone,SLE,2012,6713000
Sierra Leone,SLE,2013,6864000
Sierra Leone,SLE,2014,7017000
Sierra Leone,SLE,2015,7172000
Sierra Leone,SLE,2016,7329000
Sierra Leone,SLE,2017,7488000
Sierra Leone,SLE,2018,7650000
Sierra Leone,SLE,2019,7813000
El Salvador,SLV,2008,6132000
El Salvador,SLV,2009,6158000
El Salvador,SLV,2010,6184000
El Salvador,SLV,2011,6211000
El Salvador,SLV,2012,6238000
El Salvador,SLV,2013,6266000
El Salvador,SLV,2014,6295000
El Salvador,SLV,2015,6325000
El Salvador,SLV,2016,6356000
El Salvador,SLV,2017,6388000
El Salvador,SLV,2018,6421000
El Salvador,SLV,2019,6454000
San Marino,SMR,2008,30000
San Marino,SMR,2009,31000
San Marino,SMR,2010,31000
San Marino,SMR,2011,32000
San Marino,SMR,2012,32000
San Marino,SMR,2013,33000
San Marino,SMR,2014,33000
San Marino,SMR,2015,33000
San Marino,SMR,2016,34000
San Marino,SMR,2017,34000
San Marino,SMR,2018,34000
San Marino,SMR,2019,34000
Somalia,SOM,2008,11397000
Somalia,SOM,2009,11718000
Somalia,SOM,2010,12044000
Somalia,SOM,2011,12376000
Somalia,SOM,2012,12715000
Somalia,SOM,2013,13064000
Somalia,SOM,2014,13424000
Somalia,SOM,2015,13797000
Somalia,SOM,2016,14186000
Somalia,SOM,2017,14589000
Somalia,SOM,2018,15008000
Somalia,SOM,2019,15443000
Saint Pierre and Miquelon,SPM,2008,6000
Saint Pierre and Miquelon,SPM,2009,6000
Saint Pierre and Miquelon,SPM,2010,6000
Saint Pierre and Miquelon,SPM,2011,6000
Saint Pierre and Miquelon,SPM,2012,6000
Saint Pierre and Miquelon,SPM,2013,6000
Saint Pierre and Miquelon,SPM,2014,6000
Saint Pierre and Miquelon,SPM,2015,6000
Saint Pierre and Miquelon,SPM,2016,6000
Saint Pierre and Miquelon,SPM,2017,6000
Saint Pierre and Miquelon,SPM,2018,6000
Saint Pierre and Miquelon,SPM,2019,6000
Serbia,SRB,2008,9060000
Serbia,SRB,2009,9023000
Serbia,SRB,2010,8991000
Serbia,SRB,2011,8964000
Serbia,SRB,2012,8940000
Serbia,SRB,2013,8919000
Serbia,SRB,2014,8898000
Serbia,SRB,2015,8877000
Serbia,SRB,2016,8854000
Serbia,SRB,2017,8830000
Serbia,SRB,2018,8803000
Serbia,SRB,2019,8772000
South Sudan,SSD,2008,8737000
South Sudan,SSD,2009,9142000
South Sudan,SSD,2010,9508000
South Sudan,SSD,2011,9831000
South Sudan,SSD,2012,10114000
South Sudan,SSD,2013,10355000
South Sudan,SSD,2014,10555000
South Sudan,SSD,2015,10716000
South Sudan,SSD,2016,10833000
South Sudan,SSD,2017,10911000
South Sudan,SSD,2018,10976000
South Sudan,SSD,2019,11062000
Sao Tome and Principe,STP,2008,171000
Sao Tome and Principe,STP,2009,176000
Sao Tome and Principe,STP,2010,180000
Sao Tome and Principe,STP,2011,185000
Sao Tome and Principe,STP,2012,188000
Sao Tome and Principe,STP,2013,192000
Sao Tome and Principe,STP,2014,196000
Sao Tome and Principe,STP,2015,199000
Sao Tome and Principe,STP,2016,203000
Sao Tome and Principe,STP,2017,207000
Sao Tome and Principe,STP,2018,211000
Sao Tome and Principe,STP,2019,215000
Suriname,SUR,2008,517000
Suriname,SUR,2009,523000
Suriname,SUR,2010,529000
Suriname,SUR,2011,535000
Suriname,SUR,2012,541000
Suriname,SUR,2013,547000
Suriname,SUR,2014,553000
Suriname,SUR,2015,559000
Suriname,SUR,2016,565000
Suriname,SUR,2017,571000
Suriname,SUR,2018,576000
Suriname,SUR,2019,581000
Slovakia,SVK,2008,5399000
Slovakia,SVK,2009,5401000
Slovakia,SVK,2010,5404000
Slovakia,SVK,2011,5409000
Slovakia,SVK,2012,5415000
Slovakia,SVK,2013,5422000
Slovakia,SVK,2014,5429000
Slovakia,SVK,2015,5436000
Slovakia,SVK,2016,5442000
Slovakia,SVK,2017,5448000
Slovakia,SVK,2018,5453000
Slovakia,SVK,2019,5457000
Slovenia,SVN,2008,2023000
Slovenia,SVN,2009,2034000
Slovenia,SVN,2010,2043000
Slovenia,SVN,2011,2051000
Slovenia,SVN,2012,2058000
Slovenia,SVN,2013,2063000
Slovenia,SVN,2014,2067000
Slovenia,SVN,2015,2071000
Slovenia,SVN,2016,2074000
Slovenia,SVN,2017,2076000
Slovenia,SVN,2018,2078000
Slovenia,SVN,2019,2079000
Sweden,SWE,2008,9236000
Sweden,SWE,2009,9313000
Sweden,SWE,2010,9390000
Sweden,SWE,2011,9467000
Sweden,SWE,2012,9543000
Sweden,SWE,2013,9618000
Sweden,SWE,2014,9692000
Sweden,SWE,2015,9765000
Sweden,SWE,2016,9836000
Sweden,SWE,2017,9905000
Sweden,SWE,2018,9972000
Sweden,SWE,2019,10036000
Swaziland,SWZ,2008,1050000
Swaziland,SWZ,2009,1057000
Swaziland,SWZ,2010,1065000
Swaziland,SWZ,2011,1072000
Swaziland,SWZ,2012,1079000
Swaziland,SWZ,2013,1087000
Swaziland,SWZ,2014,1095000
Swaziland,SWZ,2015,1104000
Swaziland,SWZ,2016,1114000
Swaziland,SWZ,2017,1125000
Swaziland,SWZ,2018,1136000
Swaziland,SWZ,2019,1148000
Sint Maarten (Dutch part),SXM,2008,33000
Sint Maarten (Dutch part),SXM,2009,34000
Sint Maarten (Dutch part),SXM,2010,34000
Sint Maarten (Dutch part),SXM,2011,35000
Sint Maarten (Dutch part),SXM,2012,36000
Sint Maarten (Dutch part),SXM,2013,38000
Sint Maarten (Dutch part),SXM,2014,39000
Sint Maarten (Dutch part),SXM,2015,40000
Sint Maarten (Dutch part),SXM,2016,41000
Sint Maarten (Dutch part),SXM,2017,41000
Sint Maarten (Dutch part),SXM,2018,42000
Sint Maarten (Dutch part),SXM,2019,42000
Seychelles,SYC,2008,90000
Seychelles,SYC,2009,91000
Seychelles,SYC,2010,91000
Seychelles,SYC,2011,92000
Seychelles,SYC,2012,93000
Seychelles,SYC,2013,93000
Seychelles,SYC,2014,94000
Seychelles,SYC,2015,95000
Seychelles,SYC,2016,96000
Seychelles,SYC,2017,96000
Seychelles,SYC,2018,97000
Seychelles,SYC,2019,98000
Syria,SYR,2008,20664000
Syria,SYR,2009,21206000
Syria,SYR,2010,21363000
Syria,SYR,2011,21082000
Syria,SYR,2012,20439000
Syria,SYR,2013,19578000
Syria,SYR,2014,18711000
Syria,SYR,2015,17997000
Syria,SYR,2016,17466000
Syria,SYR,2017,17096000
Syria,SYR,2018,16945000
Syria,SYR,2019,17070000
Turks and Caicos Islands,TCA,2008,31000
Turks and Caicos Islands,TCA,2009,32000
Turks and Caicos Islands,TCA,2010,33000
Turks and Caicos Islands,TCA,2011,33000
Turks and Caicos Islands,TCA,2012,34000
Turks and Caicos Islands,TCA,2013,35000
Turks and Caicos Islands,TCA,2014,35000
Turks and Caicos Islands,TCA,2015,36000
Turks and Caicos Islands,TCA,2016,37000
Turks and Caicos Islands,TCA,2017,37000
Turks and Caicos Islands,TCA,2018,38000
Turks and Caicos Islands,TCA,2019,38000
Chad,TCD,2008,11184000
Chad,TCD,2009,11560000
Chad,TCD,2010,11952000
Chad,TCD,2011,12361000
Chad,TCD,2012,12785000
Chad,TCD,2013,13220000
Chad,TCD,2014,13664000
Chad,TCD,2015,14111000
Chad,TCD,2016,14562000
Chad,TCD,2017,15017000
Chad,TCD,2018,15478000
Chad,TCD,2019,15947000
Togo,TGO,2008,6083000
Togo,TGO,2009,6251000
Togo,TGO,2010,6422000
Togo,TGO,2011,6596000
Togo,TGO,2012,6774000
Togo,TGO,2013,6955000
Togo,TGO,2014,7138000
Togo,TGO,2015,7323000
Togo,TGO,2016,7510000
Togo,TGO,2017,7698000
Togo,TGO,2018,7889000
Togo,TGO,2019,8082000
Thailand,THA,2008,66531000
Thailand,THA,2009,66867000
Thailand,THA,2010,67195000
Thailand,THA,2011,67518000
Thailand,THA,2012,67836000
Thailand,THA,2013,68145000
Thailand,THA,2014,68439000
Thailand,THA,2015,68715000
Thailand,THA,2016,68971000
Thailand,THA,2017,69210000
Thailand,THA,2018,69428000
Thailand,THA,2019,69626000
Tajikistan,TJK,2008,7210000
Tajikistan,TJK,2009,7365000
Tajikistan,TJK,2010,7527000
Tajikistan,TJK,2011,7698000
Tajikistan,TJK,2012,7875000
Tajikistan,TJK,2013,8060000
Tajikistan,TJK,2014,8253000
Tajikistan,TJK,2015,8454000
Tajikistan,TJK,2016,8664000
Tajikistan,TJK,2017,8880000
Tajikistan,TJK,2018,9101000
Tajikistan,TJK,2019,9321000
Tokelau,TKL,2008,1000
Tokelau,TKL,2009,1000
Tokelau,TKL,2010,1000
Tokelau,TKL,2011,1000
Tokelau,TKL,2012,1000
Tokelau,TKL,2013,1000
Tokelau,TKL,2014,1000
Tokelau,TKL,2015,1000
Tokelau,TKL,2016,1000
Tokelau,TKL,2017,1000
Tokelau,TKL,2018,1000
Tokelau,TKL,2019,1000
Turkmenistan,TKM,2008,4936000
Turkmenistan,TKM,2009,5008000
Turkmenistan,TKM,2010,5087000
Turkmenistan,TKM,2011,5174000
Turkmenistan,TKM,2012,5268000
Turkmenistan,TKM,2013,5366000
Turkmenistan,TKM,2014,5466000
Turkmenistan,TKM,2015,5565000
Turkmenistan,TKM,2016,5662000
Turkmenistan,TKM,2017,5758000
Turkmenistan,TKM,2018,5851000
Turkmenistan,TKM,2019,5942000
Timor,TLS,2008,1055000
Timor,TLS,2009,1074000
Timor,TLS,2010,1094000
Timor,TLS,2011,1113000
Timor,TLS,2012,1133000
Timor,TLS,2013,1153000
Timor,TLS,2014,1174000
Timor,TLS,2015,1196000
Timor,TLS,2016,1219000
Timor,TLS,2017,1243000
Timor,TLS,2018,1268000
Timor,TLS,2019,1293000
Tonga,TON,2008,103000
Tonga,TON,2009,104000
Tonga,TON,2010,104000
Tonga,TON,2011,104000
Tonga,TON,2012,103000
Tonga,TON,2013,102000
Tonga,TON,2014,101000
Tonga,TON,2015,101000
Tonga,TON,2016,101000
Tonga,TON,2017,102000
Tonga,TON,2018,103000
Tonga,TON,2019,104000
Trinidad and Tobago,TTO,2008,1314000
Trinidad and Tobago,TTO,2009,1321000
Trinidad and Tobago,TTO,2010,1328000
Trinidad and Tobago,TTO,2011,1336000
Trinidad and Tobago,TTO,2012,1345000
Trinidad and Tobago,TTO,2013,1354000
Trinidad and Tobago,TTO,2014,1362000
Trinidad and Tobago,TTO,2015,1370000
Trinidad and Tobago,TTO,2016,1378000
Trinidad and Tobago,TTO,2017,1384000
Trinidad and Tobago,TTO,2018,1390000
Trinidad and Tobago,TTO,2019,1395000
Tunisia,TUN,2008,10414000
Tunisia,TUN,2009,10526000
Tunisia,TUN,2010,10635000
Tunisia,TUN,2011,10742000
Tunisia,TUN,2012,10847000
Tunisia,TUN,2013,10953000
Tunisia,TUN,2014,11063000
Tunisia,TUN,2015,11180000
Tunisia,TUN,2016,11304000
Tunisia,TUN,2017,11433000
Tunisia,TUN,2018,11565000
Tunisia,TUN,2019,11695000
Turkey,TUR,2008,70419000
Turkey,TUR,2009,71321000
Turkey,TUR,2010,72327000
Turkey,TUR,2011,73443000
Turkey,TUR,2012,74651000
Turkey,TUR,2013,75925000
Turkey,TUR,2014,77229000
Turkey,TUR,2015,78529000
Turkey,TUR,2016,79828000
Turkey,TUR,2017,81116000
Turkey,TUR,2018,82340000
Turkey,TUR,2019,83430000
Tuvalu,TUV,2008,10000
Tuvalu,TUV,2009,10000
Tuvalu,TUV,2010,11000
Tuvalu,TUV,2011,11000
Tuvalu,TUV,2012,11000
Tuvalu,TUV,2013,11000
Tuvalu,TUV,2014,11000
Tuvalu,TUV,2015,11000
Tuvalu,TUV,2016,11000
Tuvalu,TUV,2017,11000
Tuvalu,TUV,2018,12000
Tuvalu,TUV,2019,12000
Taiwan,TWN,2008,23019000
Taiwan,TWN,2009,23105000
Taiwan,TWN,2010,23188000
Taiwan,TWN,2011,23269000
Taiwan,TWN,2012,23347000
Taiwan,TWN,2013,23422000
Taiwan,TWN,2014,23492000
Taiwan,TWN,2015,23557000
Taiwan,TWN,2016,23618000
Taiwan,TWN,2017,23675000
Taiwan,TWN,2018,23726000
Taiwan,TWN,2019,23774000
Tanzania,TZA,2008,41854000
Tanzania,TZA,2009,43074000
Tanzania,TZA,2010,44347000
Tanzania,TZA,2011,45674000
Tanzania,TZA,2012,47053000
Tanzania,TZA,2013,48483000
Tanzania,TZA,2014,49961000
Tanzania,TZA,2015,51483000
Tanzania,TZA,2016,53049000
Tanzania,TZA,2017,54660000
Tanzania,TZA,2018,56313000
Tanzania,TZA,2019,58005000
Uganda,UGA,2008,30432000
Uganda,UGA,2009,31411000
Uganda,UGA,2010,32428000
Uganda,UGA,2011,33477000
Uganda,UGA,2012,34559000
Uganda,UGA,2013,35695000
Uganda,UGA,2014,36912000
Uganda,UGA,2015,38225000
Uganda,UGA,2016,39649000
Uganda,UGA,2017,41167000
Uganda,UGA,2018,42729000
Uganda,UGA,2019,44270000
Ukraine,UKR,2008,46159000
Ukraine,UKR,2009,45971000
Ukraine,UKR,2010,45792000
Ukraine,UKR,2011,45620000
Ukraine,UKR,2012,45454000
Ukraine,UKR,2013,45287000
Ukraine,UKR,2014,45112000
Ukraine,UKR,2015,44922000
Ukraine,UKR,2016,44714000
Ukraine,UKR,2017,44488000
Ukraine,UKR,2018,44246000
Ukraine,UKR,2019,43994000
Uruguay,URY,2008,3340000
Uruguay,URY,2009,3350000
Uruguay,URY,2010,3359000
Uruguay,URY,2011,3369000
Uruguay,URY,2012,3379000
Uruguay,URY,2013,3389000
Uruguay,URY,2014,3400000
Uruguay,URY,2015,3412000
Uruguay,URY,2016,3424000
Uruguay,URY,2017,3437000
Uruguay,URY,2018,3449000
Uruguay,URY,2019,3462000
United States,USA,2008,303486016
United States,USA,2009,306308000
United States,USA,2010,309011008
United States,USA,2011,311584000
United States,USA,2012,314044000
United States,USA,2013,316400992
United States,USA,2014,318672992
United States,USA,2015,320878016
United States,USA,2016,323016000
United States,USA,2017,325084992
United States,USA,2018,327096000
United States,USA,2019,329064992
Uzbekistan,UZB,2008,27627000
Uzbekistan,UZB,2009,28065000
Uzbekistan,UZB,2010,28516000
Uzbekistan,UZB,2011,28977000
Uzbekistan,UZB,2012,29449000
Uzbekistan,UZB,2013,29933000
Uzbekistan,UZB,2014,30426000
Uzbekistan,UZB,2015,30930000
Uzbekistan,UZB,2016,31442000
Uzbekistan,UZB,2017,31960000
Uzbekistan,UZB,2018,32476000
Uzbekistan,UZB,2019,32982000
Vatican,VAT,2008,1000
Vatican,VAT,2009,1000
Vatican,VAT,2010,1000
Vatican,VAT,2011,1000
Vatican,VAT,2012,1000
Vatican,VAT,2013,1000
Vatican,VAT,2014,1000
Vatican,VAT,2015,1000
Vatican,VAT,2016,1000
Vatican,VAT,2017,1000
Vatican,VAT,2018,1000
Vatican,VAT,2019,1000
Saint Vincent and the Grenadines,VCT,2008,108000
Saint Vincent and the Grenadines,VCT,2009,108000
Saint Vincent and the Grenadines,VCT,2010,108000
Saint Vincent and the Grenadines,VCT,2011,108000
Saint Vincent and the Grenadines,VCT,2012,108000
Saint Vincent and the Grenadines,VCT,2013,109000
Saint Vincent and the Grenadines,VCT,2014,109000
Saint Vincent and the Grenadines,VCT,2015,109000
Saint Vincent and the Grenadines,VCT,2016,109000
Saint Vincent and the Grenadines,VCT,2017,110000
Saint Vincent and the Grenadines,VCT,2018,110000
Saint Vincent and the Grenadines,VCT,2019,111000
Venezuela,VEN,2008,27636000
Venezuela,VEN,2009,28031000
Venezuela,VEN,2010,28440000
Venezuela,VEN,2011,28888000
Venezuela,VEN,2012,29361000
Venezuela,VEN,2013,29781000
Venezuela,VEN,2014,30043000
Venezuela,VEN,2015,30082000
Venezuela,VEN,2016,29851000
Venezuela,VEN,2017,29402000
Venezuela,VEN,2018,28887000
Venezuela,VEN,2019,28516000
British Virgin Islands,VGB,2008,26000
British Virgin Islands,VGB,2009,27000
British Virgin Islands,VGB,2010,28000
British Virgin Islands,VGB,2011,28000
British Virgin Islands,VGB,2012,29000
British Virgin Islands,VGB,2013,29000
British Virgin Islands,VGB,2014,29000
British Virgin Islands,VGB,2015,29000
British Virgin Islands,VGB,2016,29000
British Virgin Islands,VGB,2017,30000
British Virgin Islands,VGB,2018,30000
British Virgin Islands,VGB,2019,30000
United States Virgin Islands,VIR,2008,107000
United States Virgin Islands,VIR,2009,106000
United States Virgin Islands,VIR,2010,106000
United States Virgin Islands,VIR,2011,106000
United States Virgin Islands,VIR,2012,106000
United States Virgin Islands,VIR,2013,105000
United States Virgin Islands,VIR,2014,105000
United States Virgin Islands,VIR,2015,105000
United States Virgin Islands,VIR,2016,105000
United States Virgin Islands,VIR,2017,105000
United States Virgin Islands,VIR,2018,105000
United States Virgin Islands,VIR,2019,105000
Vietnam,VNM,2008,86243000
Vietnam,VNM,2009,87092000
Vietnam,VNM,2010,87968000
Vietnam,VNM,2011,88871000
Vietnam,VNM,2012,89802000
Vietnam,VNM,2013,90753000
Vietnam,VNM,2014,91714000
Vietnam,VNM,2015,92677000
Vietnam,VNM,2016,93640000
Vietnam,VNM,2017,94601000
Vietnam,VNM,2018,95546000
Vietnam,VNM,2019,96462000
Vanuatu,VUT,2008,225000
Vanuatu,VUT,2009,230000
Vanuatu,VUT,2010,236000
Vanuatu,VUT,2011,243000
Vanuatu,VUT,2012,250000
Vanuatu,VUT,2013,257000
Vanuatu,VUT,2014,264000
Vanuatu,VUT,2015,271000
Vanuatu,VUT,2016,278000
Vanuatu,VUT,2017,285000
Vanuatu,VUT,2018,293000
Vanuatu,VUT,2019,300000
Wallis and Futuna,WLF,2008,14000
Wallis and Futuna,WLF,2009,13000
Wallis and Futuna,WLF,2010,13000
Wallis and Futuna,WLF,2011,12000
Wallis and Futuna,WLF,2012,12000
Wallis and Futuna,WLF,2013,12000
Wallis and Futuna,WLF,2014,12000
Wallis and Futuna,WLF,2015,12000
Wallis and Futuna,WLF,2016,12000
Wallis and Futuna,WLF,2017,12000
Wallis and Futuna,WLF,2018,12000
Wallis and Futuna,WLF,2019,11000
Samoa,WSM,2008,183000
Samoa,WSM,2009,185000
Samoa,WSM,2010,186000
Samoa,WSM,2011,187000
Samoa,WSM,2012,189000
Samoa,WSM,2013,191000
Samoa,WSM,2014,192000
Samoa,WSM,2015,194000
Samoa,WSM,2016,195000
Samoa,WSM,2017,195000
Samoa,WSM,2018,196000
Samoa,WSM,2019,197000
Yemen,YEM,2008,21892000
Yemen,YEM,2009,22516000
Yemen,YEM,2010,23155000
Yemen,YEM,2011,23808000
Yemen,YEM,2012,24473000
Yemen,YEM,2013,25147000
Yemen,YEM,2014,25823000
Yemen,YEM,2015,26498000
Yemen,YEM,2016,27168000
Yemen,YEM,2017,27835000
Yemen,YEM,2018,28499000
Yemen,YEM,2019,29162000
South Africa,ZAF,2008,49779000
South Africa,ZAF,2009,50477000
South Africa,ZAF,2010,51217000
South Africa,ZAF,2011,52004000
South Africa,ZAF,2012,52833000
South Africa,ZAF,2013,53687000
South Africa,ZAF,2014,54544000
South Africa,ZAF,2015,55386000
South Africa,ZAF,2016,56208000
South Africa,ZAF,2017,57010000
South Africa,ZAF,2018,57793000
South Africa,ZAF,2019,58558000
Zambia,ZMB,2008,12849000
Zambia,ZMB,2009,13215000
Zambia,ZMB,2010,13606000
Zambia,ZMB,2011,14023000
Zambia,ZMB,2012,14465000
Zambia,ZMB,2013,14927000
Zambia,ZMB,2014,15400000
Zambia,ZMB,2015,15879000
Zambia,ZMB,2016,16363000
Zambia,ZMB,2017,16854000
Zambia,ZMB,2018,17352000
Zambia,ZMB,2019,17861000
Zimbabwe,ZWE,2008,12380000
Zimbabwe,ZWE,2009,12527000
Zimbabwe,ZWE,2010,12698000
Zimbabwe,ZWE,2011,12894000
Zimbabwe,ZWE,2012,13115000
Zimbabwe,ZWE,2013,13350000
Zimbabwe,ZWE,2014,13587000
Zimbabwe,ZWE,2015,13815000
Zimbabwe,ZWE,2016,14030000
Zimbabwe,ZWE,2017,14237000
Zimbabwe,ZWE,2018,14439000
Zimbabwe,ZWE,2019,14645000